time,current
0,0
0.0058594,-8.7762e-08
0.069336,-5.7821e-08
0.13184,-6.1028e-08
0.19629,-6.7803e-08
0.25293,-7.7709e-08
0.31738,-8.9095e-08
0.38086,-1.0056e-07
0.43848,-1.1396e-07
0.50195,-1.2838e-07
0.56543,-1.4318e-07
0.62891,-1.5831e-07
0.7041,-1.7606e-07
0.76758,-1.9177e-07
0.83105,-2.0729e-07
0.89453,-2.2137e-07
0.95117,-2.351e-07
1.0078,-2.5039e-07
1.0713,-2.6542e-07
1.1348,-2.7842e-07
1.1914,-2.928e-07
1.2539,-3.0547e-07
1.3115,-3.1757e-07
1.3857,-3.3374e-07
1.4492,-3.455e-07
1.5059,-3.5634e-07
1.5615,-3.6797e-07
1.626,-3.7908e-07
1.6895,-3.9007e-07
1.7529,-3.9909e-07
1.8105,-4.0895e-07
1.874,-4.1762e-07
1.9307,-4.2688e-07
1.9951,-4.3463e-07
2.0615,-4.4417e-07
2.124,-4.5208e-07
2.1875,-4.5944e-07
2.252,-4.666e-07
2.3154,-4.7262e-07
2.3721,-4.7913e-07
2.4365,-4.8471e-07
2.4922,-4.9057e-07
2.5557,-4.9604e-07
2.6182,-5.0156e-07
2.6826,-5.0649e-07
2.7568,-5.1192e-07
2.8193,-5.164e-07
2.8828,-5.204e-07
2.9473,-5.2377e-07
3.0039,-5.2754e-07
3.0605,-5.3125e-07
3.125,-5.3431e-07
3.1826,-5.3717e-07
3.2393,-5.4051e-07
3.3027,-5.4309e-07
3.3604,-5.4609e-07
3.4414,-5.4934e-07
3.5039,-5.5162e-07
3.5684,-5.5396e-07
3.625,-5.5605e-07
3.6885,-5.5786e-07
3.7461,-5.5942e-07
3.8096,-5.6148e-07
3.873,-5.6321e-07
3.9307,-5.647e-07
3.9873,-5.6608e-07
4.0508,-5.676e-07
4.126,-5.6907e-07
4.1895,-5.7018e-07
4.2529,-5.7116e-07
4.3096,-5.725e-07
4.374,-5.7311e-07
4.4297,-5.7433e-07
4.4863,-5.7498e-07
4.5508,-5.7634e-07
4.6143,-5.7681e-07
4.6768,-5.7759e-07
4.7412,-5.7826e-07
4.8164,-5.7884e-07
4.8799,-5.7942e-07
4.9434,-5.8012e-07
5.0068,-5.8057e-07
5.0703,-5.8099e-07
5.127,-5.8086e-07
5.1836,-5.8133e-07
5.2461,-5.8147e-07
5.3105,-5.819e-07
5.374,-5.8194e-07
5.4307,-5.8221e-07
5.5049,-5.8202e-07
5.5684,-5.8207e-07
5.624,-5.8209e-07
5.6807,-5.8225e-07
5.7451,-5.8236e-07
5.8086,-5.8219e-07
5.8711,-5.8202e-07
5.9355,-5.8173e-07
5.9922,-5.8165e-07
6.0566,-5.8157e-07
6.1133,-5.8135e-07
6.1875,-5.8106e-07
6.251,-5.8094e-07
6.3145,-5.8069e-07
6.3779,-5.8042e-07
6.4414,-5.7993e-07
6.5049,-5.8005e-07
6.5615,-5.7984e-07
6.6191,-5.7937e-07
6.6758,-5.792e-07
6.7383,-5.79e-07
6.7959,-5.7828e-07
6.8711,-5.7761e-07
6.9346,-5.7725e-07
6.9912,-5.7663e-07
7.0479,-5.7651e-07
7.1055,-5.7613e-07
7.1689,-5.7565e-07
7.2324,-5.7543e-07
7.2949,-5.7484e-07
7.3594,-5.7407e-07
7.4229,-5.7373e-07
7.4795,-5.7332e-07
7.5557,-5.7266e-07
7.6182,-5.7246e-07
7.6758,-5.7191e-07
7.7324,-5.7127e-07
7.7959,-5.7114e-07
7.8535,-5.7038e-07
7.9092,-5.7006e-07
7.9658,-5.6933e-07
8.0303,-5.6846e-07
8.0938,-5.6816e-07
8.1572,-5.6774e-07
8.2324,-5.6707e-07
8.2959,-5.6637e-07
8.3516,-5.6604e-07
8.415,-5.6564e-07
8.4707,-5.6462e-07
8.5342,-5.6411e-07
8.5898,-5.6358e-07
8.6533,-5.6276e-07
8.7168,-5.6224e-07
8.7734,-5.6119e-07
8.8379,-5.6067e-07
8.9141,-5.5974e-07
8.9766,-5.5918e-07
9.0332,-5.5878e-07
9.0977,-5.5805e-07
9.1602,-5.5754e-07
9.2246,-5.5661e-07
9.2812,-5.5605e-07
9.3447,-5.5553e-07
9.4014,-5.5479e-07
9.4648,-5.5431e-07
9.5283,-5.5351e-07
9.6035,-5.5288e-07
9.666,-5.5215e-07
9.7305,-5.5134e-07
9.793,-5.5057e-07
9.8574,-5.4981e-07
9.915,-5.4917e-07
9.9785,-5.4847e-07
10.035,-5.4808e-07
10.091,-5.4748e-07
10.154,-5.469e-07
10.219,-5.4591e-07
10.294,-5.4502e-07
10.357,-5.4446e-07
10.421,-5.4397e-07
10.484,-5.4327e-07
10.549,-5.4243e-07
10.605,-5.4165e-07
10.669,-5.4086e-07
10.727,-5.4052e-07
10.79,-5.3988e-07
10.853,-5.395e-07
10.91,-5.3844e-07
10.984,-5.3788e-07
11.048,-5.369e-07
11.104,-5.3632e-07
11.168,-5.3571e-07
11.232,-5.3513e-07
11.296,-5.3434e-07
11.359,-5.3376e-07
11.423,-5.3302e-07
11.479,-5.3209e-07
11.544,-5.3158e-07
11.6,-5.3114e-07
11.674,-5.3018e-07
11.737,-5.2944e-07
11.801,-5.2872e-07
11.865,-5.2795e-07
11.929,-5.2736e-07
11.993,-5.2672e-07
12.056,-5.2626e-07
12.113,-5.2559e-07
12.177,-5.2473e-07
12.233,-5.2422e-07
12.298,-5.2325e-07
12.372,-5.2269e-07
12.436,-5.2163e-07
12.499,-5.2124e-07
12.562,-5.2066e-07
12.625,-5.1989e-07
12.689,-5.1913e-07
12.746,-5.1847e-07
12.804,-5.1778e-07
12.859,-5.1734e-07
12.923,-5.1685e-07
12.986,-5.164e-07
13.061,-5.1538e-07
13.124,-5.1475e-07
13.188,-5.1408e-07
13.252,-5.1344e-07
13.315,-5.128e-07
13.372,-5.1208e-07
13.437,-5.1154e-07
13.5,-5.1101e-07
13.563,-5.1049e-07
13.627,-5.0979e-07
13.69,-5.0917e-07
13.767,-5.0848e-07
13.829,-5.0779e-07
13.894,-5.0688e-07
13.95,-5.0645e-07
14.008,-5.0566e-07
14.071,-5.0523e-07
14.134,-5.0445e-07
14.198,-5.0374e-07
14.262,-5.0297e-07
14.325,-5.0238e-07
14.382,-5.02e-07
14.46,-5.0088e-07
14.523,-5.0027e-07
14.587,-4.9983e-07
14.645,-4.9913e-07
14.708,-4.9855e-07
14.765,-4.9799e-07
14.822,-4.973e-07
14.886,-4.9677e-07
14.943,-4.9602e-07
15,-4.9562e-07
15.062,-4.9489e-07
15.131,-4.9428e-07
15.193,-4.9383e-07
15.25,-4.933e-07
15.308,-4.9272e-07
15.371,-4.921e-07
15.435,-4.9146e-07
15.49,-4.9123e-07
15.554,-4.9061e-07
15.617,-4.899e-07
15.681,-4.894e-07
15.744,-4.8877e-07
15.812,-4.8796e-07
15.876,-4.8766e-07
15.939,-4.8691e-07
16.003,-4.8639e-07
16.059,-4.8604e-07
16.122,-4.8527e-07
16.186,-4.8465e-07
16.249,-4.8403e-07
16.312,-4.8323e-07
16.376,-4.8283e-07
16.432,-4.8216e-07
16.506,-4.8142e-07
16.568,-4.8094e-07
16.625,-4.8019e-07
16.689,-4.7958e-07
16.753,-4.7928e-07
16.816,-4.7881e-07
16.881,-4.7833e-07
16.944,-4.7768e-07
17,-4.7716e-07
17.063,-4.7663e-07
17.127,-4.7583e-07
17.201,-4.7542e-07
17.264,-4.7487e-07
17.321,-4.7445e-07
17.377,-4.7379e-07
17.439,-4.7325e-07
17.504,-4.725e-07
17.567,-4.7225e-07
17.623,-4.7141e-07
17.687,-4.709e-07
17.75,-4.7034e-07
17.813,-4.699e-07
17.887,-4.6932e-07
17.95,-4.6845e-07
18.013,-4.6813e-07
18.077,-4.6721e-07
18.14,-4.6692e-07
18.196,-4.6631e-07
18.252,-4.6595e-07
18.315,-4.6533e-07
18.379,-4.6452e-07
18.443,-4.6433e-07
18.507,-4.6375e-07
18.575,-4.6288e-07
18.639,-4.6247e-07
18.702,-4.623e-07
18.767,-4.614e-07
18.822,-4.6094e-07
18.886,-4.6014e-07
18.949,-4.5971e-07
19.013,-4.59e-07
19.076,-4.5864e-07
19.141,-4.5794e-07
19.196,-4.5769e-07
19.272,-4.5711e-07
19.336,-4.5645e-07
19.392,-4.5592e-07
19.455,-4.5551e-07
19.519,-4.5512e-07
19.583,-4.5454e-07
19.646,-4.5401e-07
19.71,-4.5349e-07
19.767,-4.5314e-07
19.831,-4.5253e-07
19.894,-4.5205e-07
19.961,-4.5128e-07
20.023,-4.5083e-07
20.08,-4.5053e-07
20.145,-4.5006e-07
20.208,-4.4967e-07
20.266,-4.4914e-07
20.322,-4.4861e-07
20.379,-4.4814e-07
20.442,-4.4778e-07
20.506,-4.4711e-07
20.569,-4.468e-07
20.644,-4.4604e-07
20.707,-4.4556e-07
20.764,-4.4513e-07
20.82,-4.4462e-07
20.885,-4.4413e-07
20.941,-4.4408e-07
21.004,-4.4341e-07
21.068,-4.431e-07
21.132,-4.4257e-07
21.196,-4.4197e-07
21.26,-4.4139e-07
21.328,-4.4091e-07
21.392,-4.4038e-07
21.447,-4.401e-07
21.504,-4.3937e-07
21.568,-4.3888e-07
21.632,-4.3876e-07
21.696,-4.3816e-07
21.76,-4.3763e-07
21.817,-4.3725e-07
21.881,-4.3653e-07
21.938,-4.3612e-07
22.014,-4.358e-07
22.076,-4.3531e-07
22.141,-4.3466e-07
22.196,-4.3443e-07
22.261,-4.339e-07
22.324,-4.3361e-07
22.382,-4.3313e-07
22.445,-4.3292e-07
22.501,-4.325e-07
22.565,-4.319e-07
22.629,-4.3108e-07
22.703,-4.3081e-07
22.767,-4.3055e-07
22.83,-4.3015e-07
22.894,-4.2963e-07
22.95,-4.2917e-07
23.015,-4.2876e-07
23.07,-4.2827e-07
23.133,-4.2804e-07
23.197,-4.2755e-07
23.261,-4.2704e-07
23.325,-4.2652e-07
23.4,-4.2615e-07
23.464,-4.2561e-07
23.527,-4.2513e-07
23.591,-4.2477e-07
23.654,-4.2448e-07
23.711,-4.2382e-07
23.774,-4.2363e-07
23.838,-4.2299e-07
23.901,-4.229e-07
23.966,-4.2208e-07
24.029,-4.2183e-07
24.098,-4.2109e-07
24.16,-4.2072e-07
24.225,-4.2037e-07
24.288,-4.1998e-07
24.345,-4.1944e-07
24.409,-4.1903e-07
24.473,-4.1851e-07
24.537,-4.1834e-07
24.601,-4.1806e-07
24.658,-4.1765e-07
24.722,-4.1695e-07
24.797,-4.1636e-07
24.86,-4.1626e-07
24.916,-4.1563e-07
24.979,-4.1545e-07
25.043,-4.1496e-07
25.106,-4.1462e-07
25.164,-4.143e-07
25.228,-4.1395e-07
25.291,-4.135e-07
25.347,-4.1314e-07
25.41,-4.129e-07
25.483,-4.1247e-07
25.547,-4.1208e-07
25.61,-4.1167e-07
25.675,-4.1107e-07
25.73,-4.1094e-07
25.788,-4.1061e-07
25.845,-4.1047e-07
25.9,-4.0992e-07
25.964,-4.0951e-07
26.027,-4.0908e-07
26.084,-4.0858e-07
26.154,-4.0826e-07
26.218,-4.0792e-07
26.273,-4.0747e-07
26.337,-4.0709e-07
26.394,-4.0684e-07
26.457,-4.0662e-07
26.515,-4.0631e-07
26.571,-4.0584e-07
26.635,-4.0555e-07
26.691,-4.0495e-07
26.755,-4.0478e-07
26.829,-4.0427e-07
26.893,-4.0393e-07
26.956,-4.0346e-07
27.02,-4.032e-07
27.083,-4.0283e-07
27.141,-4.0236e-07
27.204,-4.0202e-07
27.26,-4.0138e-07
27.324,-4.0124e-07
27.388,-4.0109e-07
27.451,-4.0073e-07
27.526,-4.0035e-07
27.589,-4.0009e-07
27.646,-3.9951e-07
27.703,-3.9903e-07
27.767,-3.9879e-07
27.822,-3.9855e-07
27.886,-3.9801e-07
27.949,-3.9809e-07
28.013,-3.9755e-07
28.076,-3.9734e-07
28.134,-3.9691e-07
28.209,-3.962e-07
28.272,-3.959e-07
28.336,-3.9558e-07
28.394,-3.9539e-07
28.449,-3.9486e-07
28.513,-3.9458e-07
28.576,-3.9424e-07
28.641,-3.9391e-07
28.697,-3.9347e-07
28.762,-3.9321e-07
28.818,-3.9288e-07
28.895,-3.9259e-07
28.958,-3.9233e-07
29.021,-3.921e-07
29.079,-3.9148e-07
29.143,-3.9138e-07
29.206,-3.9097e-07
29.262,-3.9061e-07
29.325,-3.9025e-07
29.381,-3.9012e-07
29.438,-3.8979e-07
29.495,-3.8951e-07
29.57,-3.8895e-07
29.634,-3.8867e-07
29.697,-3.8826e-07
29.762,-3.8799e-07
29.825,-3.8764e-07
29.881,-3.8727e-07
29.944,-3.8722e-07
30.008,-3.8667e-07
30.072,-3.8649e-07
30.136,-3.8614e-07
30.2,-3.8595e-07
30.267,-3.8577e-07
30.329,-3.8537e-07
30.394,-3.8488e-07
30.456,-3.847e-07
30.514,-3.8422e-07
30.577,-3.84e-07
30.64,-3.8357e-07
30.704,-3.8322e-07
30.768,-3.8296e-07
30.832,-3.8273e-07
30.889,-3.8233e-07
30.967,-3.8216e-07
31.029,-3.8182e-07
31.086,-3.8154e-07
31.15,-3.8114e-07
31.214,-3.8077e-07
31.278,-3.8075e-07
31.341,-3.8023e-07
31.405,-3.8022e-07
31.462,-3.7972e-07
31.526,-3.7954e-07
31.582,-3.7905e-07
31.65,-3.7891e-07
31.714,-3.7849e-07
31.777,-3.7831e-07
31.841,-3.7804e-07
31.904,-3.7772e-07
31.962,-3.7748e-07
32.025,-3.7727e-07
32.088,-3.7671e-07
32.146,-3.7639e-07
32.201,-3.7608e-07
32.265,-3.7571e-07
32.339,-3.7535e-07
32.402,-3.7485e-07
32.466,-3.7473e-07
32.53,-3.7444e-07
32.594,-3.7446e-07
32.651,-3.7394e-07
32.715,-3.7352e-07
32.778,-3.7333e-07
32.842,-3.7298e-07
32.904,-3.729e-07
32.969,-3.7272e-07
33.037,-3.722e-07
33.101,-3.7169e-07
33.164,-3.7149e-07
33.228,-3.7137e-07
33.283,-3.7114e-07
33.346,-3.7072e-07
33.41,-3.7076e-07
33.474,-3.7032e-07
33.537,-3.7025e-07
33.594,-3.6974e-07
33.658,-3.6959e-07
33.733,-3.6927e-07
33.797,-3.6899e-07
33.853,-3.687e-07
33.916,-3.6853e-07
33.979,-3.6836e-07
34.043,-3.6788e-07
34.106,-3.6813e-07
34.164,-3.6784e-07
34.22,-3.675e-07
34.283,-3.6733e-07
34.34,-3.6697e-07
34.406,-3.667e-07
34.47,-3.6632e-07
34.533,-3.6605e-07
34.591,-3.6595e-07
34.654,-3.6572e-07
34.711,-3.6539e-07
34.769,-3.6549e-07
34.832,-3.65e-07
34.896,-3.6503e-07
34.952,-3.6457e-07
35.009,-3.6422e-07
35.083,-3.6395e-07
35.146,-3.6367e-07
35.21,-3.6349e-07
35.268,-3.6282e-07
35.331,-3.6272e-07
35.395,-3.6238e-07
35.451,-3.6214e-07
35.515,-3.6212e-07
35.572,-3.6182e-07
35.636,-3.616e-07
35.699,-3.614e-07
35.773,-3.6113e-07
35.837,-3.6092e-07
35.9,-3.6059e-07
35.964,-3.6031e-07
36.021,-3.5977e-07
36.085,-3.5984e-07
36.141,-3.5963e-07
36.203,-3.5944e-07
36.268,-3.591e-07
36.331,-3.5906e-07
36.395,-3.5862e-07
36.47,-3.584e-07
36.533,-3.5823e-07
36.589,-3.58e-07
36.646,-3.5755e-07
36.703,-3.5755e-07
36.759,-3.5739e-07
36.822,-3.5727e-07
36.886,-3.5683e-07
36.942,-3.5652e-07
37.007,-3.5642e-07
37.063,-3.5633e-07
37.14,-3.5604e-07
37.202,-3.5558e-07
37.267,-3.5559e-07
37.322,-3.5513e-07
37.387,-3.5523e-07
37.442,-3.5463e-07
37.506,-3.5448e-07
37.562,-3.5423e-07
37.624,-3.5378e-07
37.688,-3.536e-07
37.751,-3.5342e-07
37.826,-3.5329e-07
37.889,-3.5309e-07
37.946,-3.5263e-07
38.002,-3.5267e-07
38.065,-3.526e-07
38.122,-3.5237e-07
38.178,-3.5196e-07
38.241,-3.5173e-07
38.305,-3.5152e-07
38.362,-3.5131e-07
38.426,-3.5119e-07
38.501,-3.5085e-07
38.564,-3.5066e-07
38.621,-3.5051e-07
38.686,-3.5036e-07
38.749,-3.502e-07
38.813,-3.5008e-07
38.87,-3.4962e-07
38.935,-3.4962e-07
38.998,-3.496e-07
39.062,-3.4941e-07
39.125,-3.4882e-07
39.199,-3.4878e-07
39.262,-3.4854e-07
39.326,-3.4839e-07
39.39,-3.4795e-07
39.447,-3.4748e-07
39.511,-3.4769e-07
39.574,-3.4732e-07
39.631,-3.4726e-07
39.694,-3.4722e-07
39.758,-3.4682e-07
39.821,-3.4659e-07
39.896,-3.4629e-07
39.96,-3.4611e-07
40.016,-3.459e-07
40.072,-3.4565e-07
40.137,-3.4555e-07
40.192,-3.454e-07
40.255,-3.4508e-07
40.319,-3.4501e-07
40.383,-3.4476e-07
40.446,-3.4489e-07
40.503,-3.4459e-07
40.577,-3.4419e-07
40.641,-3.44e-07
40.704,-3.4372e-07
40.762,-3.4357e-07
40.825,-3.4341e-07
40.889,-3.4309e-07
40.953,-3.4288e-07
41.017,-3.4269e-07
41.073,-3.4248e-07
41.138,-3.4246e-07
41.194,-3.4241e-07
41.268,-3.4216e-07
41.331,-3.4207e-07
41.395,-3.4164e-07
41.452,-3.417e-07
41.516,-3.4152e-07
41.573,-3.4126e-07
41.637,-3.4115e-07
41.7,-3.4097e-07
41.758,-3.4096e-07
41.821,-3.404e-07
41.884,-3.4019e-07
41.958,-3.3999e-07
42.021,-3.3944e-07
42.078,-3.3959e-07
42.143,-3.3953e-07
42.206,-3.3909e-07
42.264,-3.3866e-07
42.327,-3.3869e-07
42.391,-3.3879e-07
42.454,-3.3825e-07
42.518,-3.3827e-07
42.581,-3.3782e-07
42.649,-3.3781e-07
42.712,-3.3771e-07
42.776,-3.3751e-07
42.84,-3.372e-07
42.896,-3.3724e-07
42.96,-3.3692e-07
43.023,-3.3673e-07
43.087,-3.3674e-07
43.149,-3.366e-07
43.207,-3.3627e-07
43.271,-3.363e-07
43.35,-3.3611e-07
43.412,-3.3561e-07
43.469,-3.3547e-07
43.533,-3.3534e-07
43.589,-3.3507e-07
43.652,-3.3492e-07
43.716,-3.3498e-07
43.772,-3.3455e-07
43.837,-3.3434e-07
43.894,-3.342e-07
43.957,-3.3389e-07
44.031,-3.3385e-07
44.094,-3.336e-07
44.158,-3.333e-07
44.222,-3.3327e-07
44.286,-3.33e-07
44.342,-3.3292e-07
44.405,-3.327e-07
44.462,-3.3261e-07
44.525,-3.3248e-07
44.589,-3.3217e-07
44.652,-3.3219e-07
44.727,-3.3185e-07
44.79,-3.3144e-07
44.854,-3.312e-07
44.918,-3.3111e-07
44.974,-3.3123e-07
45.037,-3.3095e-07
45.093,-3.306e-07
45.156,-3.3042e-07
45.22,-3.3037e-07
45.283,-3.3034e-07
45.346,-3.3015e-07
45.414,-3.3003e-07
45.477,-3.2977e-07
45.54,-3.2971e-07
45.596,-3.2946e-07
45.651,-3.2938e-07
45.716,-3.2904e-07
45.779,-3.2892e-07
45.843,-3.2873e-07
45.906,-3.2882e-07
45.963,-3.2848e-07
46.027,-3.2835e-07
46.107,-3.2804e-07
46.171,-3.2798e-07
46.227,-3.2787e-07
46.29,-3.2754e-07
46.354,-3.2746e-07
46.417,-3.2729e-07
46.48,-3.2697e-07
46.544,-3.2682e-07
46.601,-3.2675e-07
46.664,-3.265e-07
46.722,-3.264e-07
46.797,-3.2623e-07
46.86,-3.2615e-07
46.924,-3.2595e-07
46.988,-3.2562e-07
47.052,-3.2574e-07
47.116,-3.2563e-07
47.172,-3.2552e-07
47.235,-3.2526e-07
47.291,-3.2504e-07
47.354,-3.2494e-07
47.418,-3.2484e-07
47.493,-3.2475e-07
47.556,-3.2469e-07
47.62,-3.2429e-07
47.683,-3.2418e-07
47.74,-3.2392e-07
47.804,-3.2393e-07
47.867,-3.2371e-07
47.924,-3.2341e-07
47.987,-3.2333e-07
48.051,-3.2316e-07
48.114,-3.2288e-07
48.189,-3.2264e-07
48.253,-3.2252e-07
48.316,-3.2235e-07
48.38,-3.2224e-07
48.436,-3.2215e-07
48.491,-3.2208e-07
48.555,-3.2174e-07
48.61,-3.2147e-07
48.674,-3.2147e-07
48.737,-3.2149e-07
48.795,-3.2132e-07
48.869,-3.2127e-07
48.932,-3.2114e-07
48.989,-3.209e-07
49.053,-3.2067e-07
49.115,-3.2061e-07
49.18,-3.2052e-07
49.242,-3.203e-07
49.307,-3.2032e-07
49.363,-3.1993e-07
49.427,-3.1982e-07
49.49,-3.1946e-07
49.558,-3.1915e-07
49.621,-3.1913e-07
49.684,-3.1896e-07
49.741,-3.1901e-07
49.805,-3.187e-07
49.869,-3.1862e-07
49.926,-3.1863e-07
49.99,-3.1842e-07
50.046,-3.1849e-07
50.104,-3.1828e-07
50.167,-3.1823e-07
50.242,-3.1793e-07
50.306,-3.1779e-07
50.362,-3.1773e-07
50.418,-3.1764e-07
50.48,-3.1724e-07
50.537,-3.1712e-07
50.601,-3.1689e-07
50.664,-3.1691e-07
50.729,-3.1675e-07
50.792,-3.1678e-07
50.849,-3.1659e-07
50.925,-3.1667e-07
50.987,-3.1639e-07
51.045,-3.1621e-07
51.108,-3.1623e-07
51.165,-3.1623e-07
51.229,-3.1604e-07
51.293,-3.1605e-07
51.351,-3.1563e-07
51.414,-3.1543e-07
51.471,-3.1538e-07
51.535,-3.1535e-07
51.61,-3.1517e-07
51.674,-3.1512e-07
51.737,-3.1529e-07
51.801,-3.1491e-07
51.864,-3.1492e-07
51.921,-3.1455e-07
51.985,-3.1443e-07
52.049,-3.1424e-07
52.105,-3.1405e-07
52.17,-3.142e-07
52.233,-3.1379e-07
52.309,-3.1378e-07
52.371,-3.1349e-07
52.428,-3.1351e-07
52.485,-3.1324e-07
52.549,-3.1308e-07
52.606,-3.1285e-07
52.67,-3.1289e-07
52.732,-3.1264e-07
52.797,-3.1236e-07
52.86,-3.1238e-07
52.918,-3.1209e-07
52.985,-3.1236e-07
53.049,-3.1221e-07
53.105,-3.1181e-07
53.17,-3.1168e-07
53.226,-3.1193e-07
53.288,-3.1163e-07
53.353,-3.1141e-07
53.409,-3.1125e-07
53.474,-3.1115e-07
53.537,-3.1096e-07
53.595,-3.1093e-07
53.669,-3.1076e-07
53.731,-3.1051e-07
53.795,-3.104e-07
53.858,-3.1041e-07
53.922,-3.1034e-07
53.986,-3.1007e-07
54.043,-3.1013e-07
54.106,-3.0998e-07
54.163,-3.0979e-07
54.226,-3.0953e-07
54.29,-3.0936e-07
54.365,-3.0921e-07
54.428,-3.0905e-07
54.485,-3.0902e-07
54.549,-3.0902e-07
54.606,-3.0891e-07
54.67,-3.0869e-07
54.727,-3.0863e-07
54.791,-3.0843e-07
54.854,-3.085e-07
54.919,-3.084e-07
54.982,-3.0831e-07
55.052,-3.0806e-07
55.114,-3.0794e-07
55.178,-3.0782e-07
55.233,-3.0768e-07
55.297,-3.0762e-07
55.36,-3.0736e-07
55.424,-3.0731e-07
55.486,-3.0717e-07
55.551,-3.072e-07
55.607,-3.0693e-07
55.671,-3.0696e-07
55.752,-3.0691e-07
55.815,-3.0667e-07
55.871,-3.0662e-07
55.935,-3.0645e-07
55.998,-3.0633e-07
56.061,-3.0611e-07
56.125,-3.0613e-07
56.188,-3.0606e-07
56.246,-3.0588e-07
56.31,-3.0569e-07
56.366,-3.0569e-07
56.44,-3.0538e-07
56.504,-3.0519e-07
56.567,-3.0518e-07
56.625,-3.0507e-07
56.688,-3.0495e-07
56.745,-3.0496e-07
56.803,-3.0498e-07
56.859,-3.0489e-07
56.916,-3.0469e-07
56.98,-3.0452e-07
57.044,-3.0436e-07
57.113,-3.0441e-07
57.176,-3.0407e-07
57.239,-3.04e-07
57.303,-3.0387e-07
57.366,-3.0392e-07
57.423,-3.0382e-07
57.485,-3.0359e-07
57.55,-3.0375e-07
57.613,-3.0372e-07
57.678,-3.0337e-07
57.741,-3.0348e-07
57.81,-3.0337e-07
57.873,-3.0332e-07
57.937,-3.0305e-07
58.001,-3.0314e-07
58.058,-3.0301e-07
58.121,-3.0276e-07
58.185,-3.0263e-07
58.247,-3.0241e-07
58.312,-3.0234e-07
58.368,-3.0225e-07
58.433,-3.0206e-07
58.506,-3.0196e-07
58.569,-3.02e-07
58.626,-3.0189e-07
58.689,-3.0172e-07
58.753,-3.0164e-07
58.816,-3.0151e-07
58.873,-3.014e-07
58.938,-3.0122e-07
59.001,-3.0108e-07
59.058,-3.01e-07
59.121,-3.0093e-07
59.195,-3.008e-07
59.259,-3.0073e-07
59.322,-3.0062e-07
59.386,-3.0074e-07
59.449,-3.0051e-07
59.506,-3.0028e-07
59.57,-3.0011e-07
59.627,-3.002e-07
59.689,-2.9998e-07
59.754,-2.9983e-07
59.816,-2.9997e-07
59.892,-2.9979e-07
59.955,-2.9955e-07
60.011,-2.9966e-07
60.073,-2.9937e-07
60.131,-2.9937e-07
60.188,-2.9923e-07
60.251,-2.9914e-07
60.314,-2.9919e-07
60.378,-2.9915e-07
60.442,-2.9918e-07
60.498,-2.9895e-07
60.573,-2.9877e-07
60.636,-2.9866e-07
60.7,-2.9864e-07
60.756,-2.9834e-07
60.819,-2.9808e-07
60.883,-2.9799e-07
60.946,-2.9799e-07
61.01,-2.9789e-07
61.073,-2.9782e-07
61.129,-2.9778e-07
61.192,-2.9772e-07
61.266,-2.975e-07
61.329,-2.9757e-07
61.392,-2.9771e-07
61.449,-2.9751e-07
61.513,-2.9745e-07
61.577,-2.975e-07
61.634,-2.9728e-07
61.698,-2.9711e-07
61.761,-2.9714e-07
61.817,-2.9701e-07
61.881,-2.9682e-07
61.955,-2.9685e-07
62.019,-2.967e-07
62.082,-2.9649e-07
62.146,-2.9669e-07
62.202,-2.9665e-07
62.267,-2.9625e-07
62.323,-2.9615e-07
62.388,-2.9626e-07
62.451,-2.9606e-07
62.516,-2.9597e-07
62.579,-2.959e-07
62.654,-2.9568e-07
62.717,-2.9576e-07
62.781,-2.9546e-07
62.844,-2.953e-07
62.908,-2.9526e-07
62.972,-2.951e-07
63.028,-2.9498e-07
63.092,-2.9501e-07
63.155,-2.9477e-07
63.219,-2.9485e-07
63.283,-2.9484e-07
63.352,-2.9481e-07
63.414,-2.9467e-07
63.479,-2.9461e-07
63.542,-2.9433e-07
63.598,-2.942e-07
63.661,-2.9411e-07
63.726,-2.9413e-07
63.788,-2.9422e-07
63.853,-2.942e-07
63.908,-2.9413e-07
63.972,-2.9406e-07
64.045,-2.9383e-07
64.107,-2.9372e-07
64.165,-2.9354e-07
64.229,-2.936e-07
64.293,-2.9345e-07
64.356,-2.9334e-07
64.412,-2.9328e-07
64.476,-2.9327e-07
64.539,-2.9317e-07
64.596,-2.9309e-07
64.659,-2.9329e-07
64.734,-2.93e-07
64.797,-2.9294e-07
64.861,-2.9272e-07
64.925,-2.9254e-07
64.988,-2.9249e-07
65.046,-2.9231e-07
65.109,-2.9219e-07
65.167,-2.9208e-07
65.223,-2.921e-07
65.279,-2.9199e-07
65.343,-2.9183e-07
65.417,-2.9187e-07
65.479,-2.9173e-07
65.543,-2.9154e-07
65.606,-2.915e-07
65.664,-2.9146e-07
65.72,-2.9134e-07
65.783,-2.9137e-07
65.847,-2.9128e-07
65.911,-2.9135e-07
65.968,-2.9135e-07
66.032,-2.9122e-07
66.107,-2.9109e-07
66.17,-2.9102e-07
66.228,-2.9088e-07
66.291,-2.9104e-07
66.355,-2.9086e-07
66.419,-2.9075e-07
66.481,-2.9077e-07
66.538,-2.9044e-07
66.602,-2.9058e-07
66.657,-2.9022e-07
66.713,-2.9024e-07
66.78,-2.9011e-07
66.844,-2.901e-07
66.907,-2.9006e-07
66.963,-2.9015e-07
67.026,-2.8991e-07
67.083,-2.8972e-07
67.146,-2.8955e-07
67.21,-2.8958e-07
67.274,-2.8926e-07
67.338,-2.8929e-07
67.401,-2.8909e-07
67.468,-2.8908e-07
67.53,-2.8907e-07
67.587,-2.8904e-07
67.65,-2.8888e-07
67.706,-2.889e-07
67.769,-2.889e-07
67.833,-2.8861e-07
67.89,-2.8851e-07
67.954,-2.8848e-07
68.012,-2.8869e-07
68.075,-2.8861e-07
68.145,-2.8847e-07
68.207,-2.8834e-07
68.271,-2.883e-07
68.335,-2.8829e-07
68.391,-2.8835e-07
68.455,-2.8808e-07
68.519,-2.8784e-07
68.575,-2.8794e-07
68.638,-2.8774e-07
68.702,-2.8787e-07
68.766,-2.876e-07
68.839,-2.8749e-07
68.902,-2.8761e-07
68.966,-2.8733e-07
69.029,-2.872e-07
69.093,-2.8721e-07
69.149,-2.8694e-07
69.207,-2.8688e-07
69.271,-2.8701e-07
69.335,-2.8702e-07
69.398,-2.867e-07
69.454,-2.8675e-07
69.528,-2.8676e-07
69.591,-2.8685e-07
69.655,-2.868e-07
69.712,-2.8653e-07
69.769,-2.8663e-07
69.824,-2.863e-07
69.888,-2.8626e-07
69.943,-2.8616e-07
70.007,-2.8627e-07
70.062,-2.8594e-07
70.126,-2.8589e-07
70.193,-2.86e-07
70.256,-2.8593e-07
70.312,-2.8574e-07
70.37,-2.8572e-07
70.434,-2.8571e-07
70.497,-2.853e-07
70.561,-2.8559e-07
70.617,-2.8529e-07
70.682,-2.8556e-07
70.745,-2.8522e-07
70.801,-2.8505e-07
70.876,-2.8509e-07
70.938,-2.8497e-07
71.003,-2.8493e-07
71.059,-2.8485e-07
71.116,-2.8483e-07
71.179,-2.8449e-07
71.243,-2.8439e-07
71.3,-2.8425e-07
71.364,-2.8418e-07
71.421,-2.8424e-07
71.485,-2.8429e-07
71.561,-2.8415e-07
71.623,-2.8396e-07
71.687,-2.8389e-07
71.75,-2.8383e-07
71.814,-2.8383e-07
71.871,-2.8396e-07
71.936,-2.8394e-07
71.998,-2.8387e-07
72.055,-2.8369e-07
72.11,-2.8363e-07
72.167,-2.8324e-07
72.242,-2.8347e-07
72.305,-2.8333e-07
72.369,-2.8315e-07
72.433,-2.831e-07
72.496,-2.8301e-07
72.553,-2.8287e-07
72.615,-2.83e-07
72.68,-2.8295e-07
72.743,-2.8281e-07
72.807,-2.8283e-07
72.87,-2.8286e-07
72.937,-2.8261e-07
73,-2.8281e-07
73.056,-2.8287e-07
73.119,-2.828e-07
73.175,-2.8253e-07
73.23,-2.8268e-07
73.294,-2.8249e-07
73.357,-2.8224e-07
73.421,-2.8224e-07
73.478,-2.8227e-07
73.535,-2.8195e-07
73.61,-2.8205e-07
73.674,-2.822e-07
73.729,-2.821e-07
73.786,-2.8205e-07
73.851,-2.8198e-07
73.913,-2.817e-07
73.971,-2.8182e-07
74.026,-2.8171e-07
74.083,-2.8168e-07
74.147,-2.8163e-07
74.211,-2.8171e-07
74.286,-2.8145e-07
74.35,-2.8137e-07
74.405,-2.8146e-07
74.47,-2.8109e-07
74.533,-2.8097e-07
74.597,-2.8087e-07
74.66,-2.8101e-07
74.724,-2.8099e-07
74.781,-2.8089e-07
74.845,-2.8096e-07
74.908,-2.8067e-07
74.976,-2.8077e-07
75.039,-2.8055e-07
75.103,-2.8039e-07
75.16,-2.8017e-07
75.216,-2.7997e-07
75.279,-2.8022e-07
75.335,-2.8e-07
75.391,-2.8011e-07
75.455,-2.8016e-07
75.519,-2.7989e-07
75.583,-2.7982e-07
75.657,-2.7966e-07
75.721,-2.7966e-07
75.784,-2.7962e-07
75.842,-2.7956e-07
75.904,-2.7971e-07
75.961,-2.7981e-07
76.017,-2.7972e-07
76.073,-2.795e-07
76.138,-2.7936e-07
76.201,-2.7939e-07
76.265,-2.7915e-07
76.34,-2.7927e-07
76.402,-2.7908e-07
76.46,-2.7912e-07
76.523,-2.7876e-07
76.588,-2.7884e-07
76.651,-2.7855e-07
76.707,-2.7874e-07
76.771,-2.7872e-07
76.834,-2.7847e-07
76.891,-2.7859e-07
76.954,-2.7852e-07
77.029,-2.7844e-07
77.093,-2.7822e-07
77.156,-2.7841e-07
77.22,-2.7833e-07
77.277,-2.7821e-07
77.341,-2.783e-07
77.404,-2.7816e-07
77.46,-2.7787e-07
77.523,-2.7798e-07
77.579,-2.7774e-07
77.643,-2.7769e-07
77.716,-2.7757e-07
77.778,-2.7734e-07
77.842,-2.775e-07
77.905,-2.775e-07
77.969,-2.7742e-07
78.026,-2.7744e-07
78.082,-2.7719e-07
78.139,-2.7731e-07
78.203,-2.7739e-07
78.267,-2.7728e-07
78.322,-2.7712e-07
78.398,-2.7734e-07
78.461,-2.7716e-07
78.519,-2.7713e-07
78.582,-2.7722e-07
78.646,-2.7705e-07
78.71,-2.769e-07
78.766,-2.7679e-07
78.83,-2.7643e-07
78.886,-2.7656e-07
78.95,-2.7657e-07
79.007,-2.7662e-07
79.082,-2.7663e-07
79.145,-2.7658e-07
79.201,-2.7623e-07
79.265,-2.7613e-07
79.329,-2.7608e-07
79.393,-2.7623e-07
79.448,-2.762e-07
79.504,-2.7596e-07
79.562,-2.7605e-07
79.625,-2.7614e-07
79.682,-2.7618e-07
79.756,-2.7585e-07
79.819,-2.7572e-07
79.875,-2.757e-07
79.938,-2.7566e-07
80.001,-2.7546e-07
80.065,-2.7558e-07
80.123,-2.754e-07
80.179,-2.7532e-07
80.235,-2.752e-07
80.293,-2.7529e-07
80.356,-2.7526e-07
80.432,-2.751e-07
80.494,-2.7508e-07
80.552,-2.7525e-07
80.615,-2.7498e-07
80.673,-2.7487e-07
80.736,-2.7491e-07
80.793,-2.7465e-07
80.851,-2.747e-07
80.914,-2.7496e-07
80.979,-2.7498e-07
81.042,-2.7475e-07
81.115,-2.7472e-07
81.179,-2.7479e-07
81.242,-2.7454e-07
81.306,-2.7461e-07
81.369,-2.7446e-07
81.433,-2.7439e-07
81.497,-2.7423e-07
81.554,-2.7427e-07
81.618,-2.7422e-07
81.682,-2.7416e-07
81.745,-2.7424e-07
81.814,-2.7431e-07
81.877,-2.7399e-07
81.94,-2.7413e-07
82.004,-2.743e-07
82.062,-2.7398e-07
82.125,-2.7391e-07
82.188,-2.7402e-07
82.244,-2.7395e-07
82.301,-2.7419e-07
82.365,-2.7414e-07
82.429,-2.7367e-07
82.495,-2.7401e-07
82.558,-2.7393e-07
82.622,-2.7382e-07
82.685,-2.7363e-07
82.741,-2.7371e-07
82.804,-2.7344e-07
82.868,-2.7347e-07
82.932,-2.7338e-07
82.995,-2.7324e-07
83.059,-2.7332e-07
83.114,-2.73e-07
83.191,-2.7304e-07
83.254,-2.7312e-07
83.312,-2.7294e-07
83.375,-2.7299e-07
83.438,-2.73e-07
83.502,-2.7317e-07
83.565,-2.7303e-07
83.629,-2.7292e-07
83.687,-2.7265e-07
83.75,-2.7281e-07
83.808,-2.7262e-07
83.875,-2.7249e-07
83.938,-2.7236e-07
84.002,-2.7246e-07
84.065,-2.7229e-07
84.129,-2.7236e-07
84.187,-2.7222e-07
84.25,-2.7224e-07
84.313,-2.7195e-07
84.369,-2.7214e-07
84.426,-2.7213e-07
84.482,-2.7197e-07
84.558,-2.7192e-07
84.621,-2.7183e-07
84.685,-2.7199e-07
84.741,-2.7203e-07
84.797,-2.7211e-07
84.86,-2.7192e-07
84.924,-2.7174e-07
84.987,-2.7191e-07
85.051,-2.7163e-07
85.108,-2.7143e-07
85.172,-2.7128e-07
85.25,-2.7131e-07
85.313,-2.7131e-07
85.369,-2.7137e-07
85.432,-2.7127e-07
85.496,-2.7106e-07
85.56,-2.7095e-07
85.623,-2.7098e-07
85.687,-2.7096e-07
85.742,-2.7102e-07
85.806,-2.7103e-07
85.862,-2.7068e-07
85.931,-2.7067e-07
85.994,-2.706e-07
86.058,-2.7071e-07
86.121,-2.7059e-07
86.185,-2.7062e-07
86.248,-2.7042e-07
86.304,-2.7045e-07
86.366,-2.7031e-07
86.424,-2.7031e-07
86.487,-2.7021e-07
86.551,-2.6989e-07
86.625,-2.698e-07
86.688,-2.6988e-07
86.744,-2.6983e-07
86.808,-2.6989e-07
86.863,-2.6984e-07
86.92,-2.6979e-07
86.978,-2.6982e-07
87.033,-2.6956e-07
87.097,-2.6974e-07
87.16,-2.6999e-07
87.217,-2.6966e-07
87.29,-2.6965e-07
87.353,-2.6949e-07
87.417,-2.6926e-07
87.474,-2.6931e-07
87.538,-2.6935e-07
87.602,-2.6919e-07
87.657,-2.6911e-07
87.721,-2.6899e-07
87.783,-2.6895e-07
87.84,-2.6891e-07
87.896,-2.6894e-07
87.964,-2.691e-07
88.027,-2.6914e-07
88.091,-2.6891e-07
88.155,-2.688e-07
88.219,-2.6875e-07
88.274,-2.6868e-07
88.339,-2.686e-07
88.402,-2.6889e-07
88.466,-2.6894e-07
88.529,-2.6848e-07
88.593,-2.687e-07
88.659,-2.686e-07
88.722,-2.6858e-07
88.786,-2.6833e-07
88.85,-2.6849e-07
88.906,-2.6853e-07
88.963,-2.683e-07
89.027,-2.6813e-07
89.091,-2.68e-07
89.146,-2.6811e-07
89.21,-2.6822e-07
89.273,-2.6825e-07
89.348,-2.6794e-07
89.411,-2.6815e-07
89.475,-2.6806e-07
89.53,-2.6802e-07
89.586,-2.679e-07
89.649,-2.6761e-07
89.705,-2.6773e-07
89.762,-2.6762e-07
89.826,-2.6742e-07
89.891,-2.6752e-07
89.954,-2.6771e-07
90.028,-2.6763e-07
90.092,-2.6766e-07
90.155,-2.6737e-07
90.219,-2.6733e-07
90.274,-2.6738e-07
90.338,-2.6731e-07
90.395,-2.6738e-07
90.45,-2.6712e-07
90.514,-2.6728e-07
90.577,-2.671e-07
90.635,-2.672e-07
90.71,-2.67e-07
90.773,-2.6692e-07
90.837,-2.6691e-07
90.893,-2.6714e-07
90.956,-2.6697e-07
91.02,-2.6696e-07
91.083,-2.6686e-07
91.146,-2.6677e-07
91.211,-2.6673e-07
91.268,-2.6667e-07
91.332,-2.6654e-07
91.405,-2.6669e-07
91.469,-2.6654e-07
91.532,-2.6672e-07
91.59,-2.6664e-07
91.646,-2.6681e-07
91.709,-2.6653e-07
91.772,-2.6638e-07
91.837,-2.6629e-07
91.894,-2.6631e-07
91.95,-2.6608e-07
92.015,-2.6629e-07
92.089,-2.6617e-07
92.151,-2.6618e-07
92.209,-2.6613e-07
92.272,-2.6626e-07
92.329,-2.6616e-07
92.387,-2.6592e-07
92.45,-2.6599e-07
92.514,-2.6597e-07
92.577,-2.6585e-07
92.642,-2.6583e-07
92.705,-2.6579e-07
92.772,-2.6561e-07
92.835,-2.657e-07
92.899,-2.6569e-07
92.963,-2.6561e-07
93.02,-2.6551e-07
93.084,-2.6561e-07
93.147,-2.6573e-07
93.212,-2.6538e-07
93.275,-2.6544e-07
93.331,-2.653e-07
93.394,-2.653e-07
93.468,-2.6505e-07
93.53,-2.6516e-07
93.588,-2.6516e-07
93.651,-2.653e-07
93.716,-2.6531e-07
93.779,-2.6506e-07
93.837,-2.6513e-07
93.9,-2.6515e-07
93.964,-2.6501e-07
94.027,-2.6529e-07
94.084,-2.6504e-07
94.158,-2.6477e-07
94.221,-2.6498e-07
94.278,-2.6497e-07
94.342,-2.6469e-07
94.399,-2.6497e-07
94.456,-2.6453e-07
94.52,-2.648e-07
94.577,-2.646e-07
94.641,-2.6476e-07
94.705,-2.646e-07
94.762,-2.645e-07
94.839,-2.6452e-07
94.901,-2.644e-07
94.958,-2.644e-07
95.022,-2.6415e-07
95.086,-2.6449e-07
95.15,-2.6436e-07
95.214,-2.6431e-07
95.278,-2.6399e-07
95.335,-2.6374e-07
95.398,-2.6407e-07
95.455,-2.6375e-07
95.523,-2.6364e-07
95.587,-2.6373e-07
95.65,-2.6375e-07
95.714,-2.6382e-07
95.777,-2.6363e-07
95.835,-2.6359e-07
95.898,-2.6352e-07
95.962,-2.6358e-07
96.018,-2.6339e-07
96.081,-2.6358e-07
96.146,-2.6346e-07
96.221,-2.6329e-07
96.283,-2.6304e-07
96.348,-2.633e-07
96.41,-2.6311e-07
96.468,-2.6336e-07
96.531,-2.6334e-07
96.589,-2.6322e-07
96.652,-2.6304e-07
96.716,-2.6303e-07
96.779,-2.6318e-07
96.844,-2.6306e-07
96.918,-2.6291e-07
96.98,-2.629e-07
97.044,-2.6281e-07
97.106,-2.6276e-07
97.171,-2.6269e-07
97.233,-2.6256e-07
97.29,-2.6241e-07
97.353,-2.6264e-07
97.417,-2.6259e-07
97.48,-2.6265e-07
97.544,-2.6269e-07
97.612,-2.6255e-07
97.675,-2.6253e-07
97.738,-2.6249e-07
97.802,-2.6237e-07
97.858,-2.6241e-07
97.922,-2.6239e-07
97.986,-2.6237e-07
98.05,-2.6242e-07
98.113,-2.6233e-07
98.178,-2.6244e-07
98.234,-2.6233e-07
98.312,-2.6223e-07
98.375,-2.6218e-07
98.433,-2.6211e-07
98.496,-2.6197e-07
98.56,-2.6217e-07
98.623,-2.6201e-07
98.687,-2.6203e-07
98.75,-2.6195e-07
98.806,-2.6189e-07
98.868,-2.6206e-07
98.933,-2.6163e-07
99,-2.6156e-07
99.063,-2.6142e-07
99.127,-2.6164e-07
99.19,-2.6165e-07
99.254,-2.6148e-07
99.317,-2.6155e-07
99.382,-2.6179e-07
99.438,-2.6174e-07
99.503,-2.6142e-07
99.559,-2.6158e-07
99.616,-2.6177e-07
99.683,-2.6136e-07
99.746,-2.6165e-07
99.802,-2.6157e-07
99.865,-2.616e-07
99.921,-2.6142e-07
99.978,-2.615e-07
100.04,-2.6133e-07
100.1,-2.6132e-07
100.17,-2.6115e-07
100.23,-2.6126e-07
100.29,-2.6108e-07
100.36,-2.609e-07
100.43,-2.6095e-07
100.48,-2.6102e-07
100.54,-2.6102e-07
100.6,-2.6102e-07
100.66,-2.6096e-07
100.72,-2.6092e-07
100.77,-2.6109e-07
100.83,-2.6119e-07
100.89,-2.6085e-07
100.96,-2.6061e-07
101.03,-2.6049e-07
101.1,-2.6064e-07
101.16,-2.607e-07
101.22,-2.606e-07
101.28,-2.6045e-07
101.34,-2.6039e-07
101.4,-2.6034e-07
101.47,-2.6032e-07
101.53,-2.6026e-07
101.59,-2.6034e-07
101.66,-2.6033e-07
101.72,-2.6024e-07
101.79,-2.6039e-07
101.85,-2.601e-07
101.91,-2.6019e-07
101.96,-2.6019e-07
102.03,-2.5986e-07
102.09,-2.6e-07
102.15,-2.601e-07
102.22,-2.5998e-07
102.27,-2.6006e-07
102.33,-2.5992e-07
102.41,-2.6021e-07
102.47,-2.5977e-07
102.53,-2.5972e-07
102.59,-2.5963e-07
102.65,-2.5978e-07
102.72,-2.5958e-07
102.78,-2.5969e-07
102.83,-2.597e-07
102.89,-2.5959e-07
102.95,-2.5975e-07
103.02,-2.5953e-07
103.09,-2.5946e-07
103.15,-2.5947e-07
103.21,-2.5939e-07
103.27,-2.5963e-07
103.34,-2.5932e-07
103.39,-2.5938e-07
103.46,-2.5904e-07
103.52,-2.5952e-07
103.58,-2.5914e-07
103.64,-2.5912e-07
103.7,-2.5917e-07
103.78,-2.5913e-07
103.84,-2.5886e-07
103.9,-2.5891e-07
103.95,-2.5924e-07
104.02,-2.5906e-07
104.08,-2.5908e-07
104.14,-2.591e-07
104.2,-2.5895e-07
104.26,-2.5892e-07
104.32,-2.5896e-07
104.38,-2.5897e-07
104.45,-2.5893e-07
104.52,-2.5877e-07
104.58,-2.5864e-07
104.64,-2.5851e-07
104.7,-2.5842e-07
104.76,-2.5844e-07
104.81,-2.5847e-07
104.88,-2.5873e-07
104.94,-2.5841e-07
105,-2.5835e-07
105.07,-2.582e-07
105.14,-2.5818e-07
105.2,-2.5809e-07
105.26,-2.5815e-07
105.33,-2.5809e-07
105.39,-2.5813e-07
105.45,-2.5796e-07
105.51,-2.5775e-07
105.57,-2.5789e-07
105.64,-2.5801e-07
105.7,-2.5794e-07
105.76,-2.5768e-07
105.83,-2.5775e-07
105.89,-2.5779e-07
105.95,-2.5786e-07
106.01,-2.577e-07
106.07,-2.5789e-07
106.14,-2.5777e-07
106.2,-2.5795e-07
106.26,-2.5784e-07
106.32,-2.5774e-07
106.38,-2.5758e-07
106.44,-2.575e-07
106.51,-2.5743e-07
106.57,-2.5758e-07
106.63,-2.5765e-07
106.69,-2.5743e-07
106.75,-2.5728e-07
106.81,-2.5741e-07
106.87,-2.5726e-07
106.93,-2.5726e-07
106.99,-2.5738e-07
107.05,-2.5719e-07
107.11,-2.5732e-07
107.18,-2.5732e-07
107.25,-2.5722e-07
107.31,-2.5736e-07
107.37,-2.5715e-07
107.43,-2.5716e-07
107.49,-2.5699e-07
107.56,-2.5705e-07
107.62,-2.5713e-07
107.68,-2.5702e-07
107.74,-2.5703e-07
107.8,-2.5706e-07
107.88,-2.5687e-07
107.94,-2.5654e-07
108,-2.5665e-07
108.06,-2.5669e-07
108.13,-2.5672e-07
108.19,-2.5675e-07
108.25,-2.5654e-07
108.31,-2.5666e-07
108.37,-2.5646e-07
108.43,-2.5661e-07
108.49,-2.5666e-07
108.57,-2.5667e-07
108.63,-2.5665e-07
108.69,-2.565e-07
108.75,-2.5673e-07
108.81,-2.564e-07
108.87,-2.5621e-07
108.93,-2.5634e-07
108.98,-2.5626e-07
109.05,-2.5628e-07
109.11,-2.563e-07
109.17,-2.5608e-07
109.24,-2.5612e-07
109.3,-2.563e-07
109.36,-2.5621e-07
109.42,-2.5604e-07
109.48,-2.5588e-07
109.54,-2.5614e-07
109.61,-2.5604e-07
109.66,-2.5592e-07
109.73,-2.5615e-07
109.79,-2.5577e-07
109.85,-2.5574e-07
109.92,-2.5586e-07
109.99,-2.5558e-07
110.05,-2.5547e-07
110.11,-2.5535e-07
110.17,-2.553e-07
110.24,-2.5543e-07
110.3,-2.5538e-07
110.36,-2.5531e-07
110.42,-2.5509e-07
110.48,-2.5516e-07
110.54,-2.5532e-07
110.62,-2.5529e-07
110.68,-2.5524e-07
110.75,-2.5509e-07
110.81,-2.5532e-07
110.87,-2.5531e-07
110.93,-2.5503e-07
110.99,-2.5522e-07
111.05,-2.5524e-07
111.11,-2.5501e-07
111.18,-2.5508e-07
111.24,-2.5507e-07
111.31,-2.5502e-07
111.38,-2.5491e-07
111.44,-2.5503e-07
111.5,-2.5486e-07
111.57,-2.5496e-07
111.62,-2.5498e-07
111.69,-2.5489e-07
111.75,-2.5488e-07
111.81,-2.5462e-07
111.87,-2.5466e-07
111.93,-2.5488e-07
112,-2.5454e-07
112.07,-2.5469e-07
112.12,-2.5471e-07
112.18,-2.5472e-07
112.25,-2.5468e-07
112.31,-2.547e-07
112.38,-2.5479e-07
112.44,-2.5478e-07
112.5,-2.5474e-07
112.56,-2.5456e-07
112.62,-2.5475e-07
112.69,-2.5483e-07
112.75,-2.5473e-07
112.82,-2.5466e-07
112.88,-2.5469e-07
112.94,-2.5453e-07
113.01,-2.5448e-07
113.07,-2.546e-07
113.13,-2.5455e-07
113.19,-2.5456e-07
113.25,-2.543e-07
113.31,-2.5421e-07
113.39,-2.543e-07
113.45,-2.5409e-07
113.51,-2.5417e-07
113.58,-2.544e-07
113.64,-2.5411e-07
113.7,-2.5428e-07
113.76,-2.5422e-07
113.82,-2.5423e-07
113.88,-2.5416e-07
113.95,-2.5393e-07
114.01,-2.5431e-07
114.08,-2.5431e-07
114.15,-2.5411e-07
114.21,-2.5392e-07
114.26,-2.5387e-07
114.33,-2.5385e-07
114.38,-2.5375e-07
114.45,-2.5362e-07
114.51,-2.5362e-07
114.57,-2.5374e-07
114.64,-2.5384e-07
114.69,-2.5368e-07
114.77,-2.5357e-07
114.83,-2.5378e-07
114.9,-2.5372e-07
114.96,-2.5348e-07
115.02,-2.5363e-07
115.08,-2.5346e-07
115.14,-2.5337e-07
115.21,-2.5334e-07
115.27,-2.5323e-07
115.33,-2.5348e-07
115.39,-2.5324e-07
115.47,-2.5348e-07
115.53,-2.5353e-07
115.59,-2.532e-07
115.65,-2.5339e-07
115.71,-2.531e-07
115.77,-2.531e-07
115.84,-2.5324e-07
115.9,-2.5331e-07
115.96,-2.53e-07
116.02,-2.5291e-07
116.08,-2.5311e-07
116.15,-2.5296e-07
116.22,-2.5295e-07
116.28,-2.5294e-07
116.34,-2.5303e-07
116.39,-2.5291e-07
116.46,-2.5263e-07
116.51,-2.5262e-07
116.58,-2.5244e-07
116.63,-2.5275e-07
116.7,-2.5262e-07
116.76,-2.5286e-07
116.83,-2.5278e-07
116.89,-2.5277e-07
116.96,-2.5245e-07
117.02,-2.5249e-07
117.08,-2.528e-07
117.14,-2.5274e-07
117.2,-2.5259e-07
117.27,-2.5259e-07
117.33,-2.525e-07
117.39,-2.5254e-07
117.45,-2.5264e-07
117.53,-2.5237e-07
117.59,-2.5251e-07
117.66,-2.5221e-07
117.71,-2.5232e-07
117.78,-2.5252e-07
117.84,-2.5248e-07
117.9,-2.5234e-07
117.97,-2.5205e-07
118.02,-2.5205e-07
118.09,-2.5219e-07
118.14,-2.5224e-07
118.22,-2.5184e-07
118.28,-2.519e-07
118.35,-2.5181e-07
118.4,-2.5198e-07
118.47,-2.5191e-07
118.52,-2.5203e-07
118.58,-2.5178e-07
118.64,-2.5192e-07
118.69,-2.5179e-07
118.76,-2.5183e-07
118.82,-2.5143e-07
118.9,-2.5207e-07
118.96,-2.5195e-07
119.02,-2.5179e-07
119.09,-2.5168e-07
119.15,-2.5183e-07
119.21,-2.5173e-07
119.27,-2.5146e-07
119.34,-2.5155e-07
119.4,-2.5174e-07
119.46,-2.5194e-07
119.53,-2.5163e-07
119.6,-2.5167e-07
119.66,-2.5146e-07
119.72,-2.5141e-07
119.79,-2.5136e-07
119.84,-2.5129e-07
119.91,-2.5163e-07
119.97,-2.515e-07
120.04,-2.5139e-07
120.1,-2.5137e-07
120.16,-2.5151e-07
120.21,-2.5116e-07
120.29,-2.5107e-07
120.35,-2.5128e-07
120.41,-2.5109e-07
120.47,-2.5129e-07
120.54,-2.5086e-07
120.6,-2.5112e-07
120.66,-2.5099e-07
120.72,-2.5109e-07
120.78,-2.5095e-07
120.84,-2.5111e-07
120.9,-2.5093e-07
120.98,-2.5089e-07
121.04,-2.5068e-07
121.1,-2.5064e-07
121.16,-2.508e-07
121.22,-2.5059e-07
121.28,-2.5081e-07
121.34,-2.5055e-07
121.4,-2.5056e-07
121.46,-2.5058e-07
121.53,-2.5068e-07
121.59,-2.5057e-07
121.67,-2.506e-07
121.73,-2.5054e-07
121.79,-2.5041e-07
121.86,-2.5058e-07
121.92,-2.5058e-07
121.98,-2.5056e-07
122.04,-2.5062e-07
122.1,-2.5052e-07
122.17,-2.5058e-07
122.23,-2.5024e-07
122.3,-2.503e-07
122.36,-2.5017e-07
122.43,-2.5013e-07
122.49,-2.4999e-07
122.55,-2.4998e-07
122.61,-2.4996e-07
122.67,-2.5012e-07
122.74,-2.5004e-07
122.8,-2.5017e-07
122.86,-2.5028e-07
122.92,-2.5025e-07
122.98,-2.5035e-07
123.05,-2.5005e-07
123.11,-2.4999e-07
123.18,-2.5003e-07
123.24,-2.4989e-07
123.31,-2.4972e-07
123.37,-2.4975e-07
123.43,-2.4986e-07
123.49,-2.4979e-07
123.55,-2.4984e-07
123.61,-2.4965e-07
123.67,-2.4974e-07
123.75,-2.4977e-07
123.81,-2.497e-07
123.87,-2.4961e-07
123.94,-2.4963e-07
124,-2.4943e-07
124.06,-2.4973e-07
124.12,-2.4948e-07
124.18,-2.4975e-07
124.24,-2.4945e-07
124.3,-2.4969e-07
124.37,-2.4939e-07
124.44,-2.4937e-07
124.51,-2.4925e-07
124.57,-2.4938e-07
124.64,-2.4931e-07
124.69,-2.4934e-07
124.75,-2.4945e-07
124.81,-2.4922e-07
124.87,-2.4915e-07
124.94,-2.491e-07
125,-2.4913e-07
125.07,-2.4903e-07
125.14,-2.491e-07
125.21,-2.4921e-07
125.27,-2.4918e-07
125.33,-2.4912e-07
125.4,-2.4898e-07
125.46,-2.4899e-07
125.52,-2.4899e-07
125.58,-2.4871e-07
125.64,-2.4894e-07
125.71,-2.4903e-07
125.77,-2.4885e-07
125.84,-2.4879e-07
125.9,-2.4878e-07
125.96,-2.4883e-07
126.03,-2.4888e-07
126.08,-2.4889e-07
126.15,-2.4879e-07
126.21,-2.4868e-07
126.27,-2.4883e-07
126.34,-2.4891e-07
126.4,-2.4871e-07
126.46,-2.4863e-07
126.53,-2.4892e-07
126.6,-2.4887e-07
126.65,-2.4857e-07
126.72,-2.487e-07
126.78,-2.4848e-07
126.84,-2.4828e-07
126.9,-2.4817e-07
126.96,-2.4817e-07
127.02,-2.4812e-07
127.09,-2.4815e-07
127.15,-2.4818e-07
127.22,-2.481e-07
127.29,-2.4797e-07
127.34,-2.4805e-07
127.41,-2.4824e-07
127.46,-2.4816e-07
127.53,-2.4808e-07
127.58,-2.4807e-07
127.65,-2.4812e-07
127.71,-2.4808e-07
127.77,-2.4805e-07
127.84,-2.477e-07
127.9,-2.4778e-07
127.97,-2.4777e-07
128.03,-2.478e-07
128.09,-2.4785e-07
128.15,-2.4773e-07
128.21,-2.4755e-07
128.28,-2.476e-07
128.34,-2.4772e-07
128.4,-2.4776e-07
128.47,-2.4757e-07
128.53,-2.4772e-07
128.6,-2.4765e-07
128.67,-2.4775e-07
128.72,-2.4782e-07
128.79,-2.4768e-07
128.84,-2.4763e-07
128.91,-2.4736e-07
128.97,-2.4747e-07
129.03,-2.4732e-07
129.09,-2.4756e-07
129.16,-2.4765e-07
129.21,-2.4749e-07
129.29,-2.475e-07
129.35,-2.4748e-07
129.41,-2.4732e-07
129.47,-2.4758e-07
129.53,-2.4738e-07
129.59,-2.4734e-07
129.65,-2.4733e-07
129.71,-2.4735e-07
129.77,-2.474e-07
129.83,-2.4727e-07
129.9,-2.4733e-07
129.97,-2.4722e-07
130.03,-2.471e-07
130.09,-2.471e-07
130.16,-2.4724e-07
130.21,-2.473e-07
130.28,-2.4713e-07
130.34,-2.4703e-07
130.4,-2.4686e-07
130.47,-2.4693e-07
130.53,-2.4709e-07
130.59,-2.4701e-07
130.66,-2.4663e-07
130.73,-2.4677e-07
130.78,-2.4666e-07
130.85,-2.4679e-07
130.91,-2.4671e-07
130.97,-2.4681e-07
131.03,-2.4689e-07
131.09,-2.4663e-07
131.16,-2.4647e-07
131.21,-2.4675e-07
131.28,-2.4665e-07
131.35,-2.4667e-07
131.42,-2.4645e-07
131.48,-2.4673e-07
131.54,-2.4647e-07
131.6,-2.4646e-07
131.66,-2.4663e-07
131.71,-2.466e-07
131.77,-2.4663e-07
131.83,-2.4682e-07
131.9,-2.4664e-07
131.95,-2.4669e-07
132.02,-2.4659e-07
132.09,-2.4652e-07
132.14,-2.4661e-07
132.2,-2.4646e-07
132.27,-2.4639e-07
132.33,-2.4641e-07
132.39,-2.4646e-07
132.46,-2.4658e-07
132.51,-2.4649e-07
132.58,-2.4665e-07
132.64,-2.4649e-07
132.71,-2.4645e-07
132.77,-2.4639e-07
132.84,-2.4636e-07
132.89,-2.4632e-07
132.96,-2.4636e-07
133.02,-2.4627e-07
133.08,-2.4602e-07
133.14,-2.46e-07
133.2,-2.4622e-07
133.26,-2.4605e-07
133.32,-2.4617e-07
133.4,-2.4613e-07
133.46,-2.4613e-07
133.53,-2.46e-07
133.59,-2.4611e-07
133.65,-2.4603e-07
133.71,-2.4613e-07
133.77,-2.4621e-07
133.83,-2.4608e-07
133.89,-2.4618e-07
133.96,-2.4606e-07
134.02,-2.4621e-07
134.1,-2.4609e-07
134.16,-2.4584e-07
134.22,-2.4611e-07
134.29,-2.4605e-07
134.35,-2.4602e-07
134.41,-2.4609e-07
134.47,-2.4601e-07
134.53,-2.4572e-07
134.6,-2.4584e-07
134.66,-2.4578e-07
134.72,-2.458e-07
134.79,-2.457e-07
134.85,-2.4555e-07
134.92,-2.4539e-07
134.98,-2.4554e-07
135.04,-2.4542e-07
135.1,-2.4554e-07
135.16,-2.4543e-07
135.23,-2.4553e-07
135.29,-2.4538e-07
135.35,-2.4553e-07
135.41,-2.455e-07
135.49,-2.4552e-07
135.55,-2.4537e-07
135.61,-2.4534e-07
135.67,-2.4543e-07
135.74,-2.4526e-07
135.8,-2.4517e-07
135.86,-2.4515e-07
135.92,-2.453e-07
135.98,-2.4535e-07
136.04,-2.4549e-07
136.1,-2.4539e-07
136.18,-2.4513e-07
136.24,-2.4508e-07
136.3,-2.4501e-07
136.37,-2.4512e-07
136.42,-2.4491e-07
136.49,-2.4498e-07
136.55,-2.4505e-07
136.61,-2.4519e-07
136.67,-2.4526e-07
136.74,-2.4525e-07
136.8,-2.4487e-07
136.87,-2.4527e-07
136.94,-2.4495e-07
137,-2.4489e-07
137.06,-2.4473e-07
137.12,-2.4482e-07
137.18,-2.4479e-07
137.24,-2.4465e-07
137.31,-2.4483e-07
137.37,-2.4498e-07
137.43,-2.4469e-07
137.49,-2.4484e-07
137.57,-2.4495e-07
137.63,-2.4482e-07
137.69,-2.4492e-07
137.75,-2.445e-07
137.81,-2.4468e-07
137.87,-2.4482e-07
137.93,-2.4498e-07
137.99,-2.4472e-07
138.05,-2.4467e-07
138.11,-2.4483e-07
138.17,-2.4486e-07
138.25,-2.4477e-07
138.31,-2.4457e-07
138.38,-2.4462e-07
138.44,-2.4458e-07
138.5,-2.4484e-07
138.56,-2.4471e-07
138.62,-2.4455e-07
138.67,-2.4446e-07
138.73,-2.4443e-07
138.79,-2.4461e-07
138.86,-2.4446e-07
138.93,-2.445e-07
139,-2.4443e-07
139.06,-2.442e-07
139.12,-2.4423e-07
139.19,-2.4432e-07
139.25,-2.4436e-07
139.3,-2.4454e-07
139.37,-2.443e-07
139.43,-2.4414e-07
139.5,-2.4407e-07
139.56,-2.4414e-07
139.62,-2.444e-07
139.69,-2.4421e-07
139.75,-2.4409e-07
139.81,-2.4422e-07
139.87,-2.4437e-07
139.93,-2.4431e-07
140,-2.4456e-07
140.06,-2.4427e-07
140.12,-2.4419e-07
140.19,-2.445e-07
140.25,-2.444e-07
140.32,-2.4411e-07
140.39,-2.4433e-07
140.44,-2.4421e-07
140.51,-2.4439e-07
140.56,-2.4421e-07
140.63,-2.4388e-07
140.69,-2.4424e-07
140.75,-2.4399e-07
140.81,-2.4398e-07
140.87,-2.4377e-07
140.93,-2.4392e-07
141,-2.4376e-07
141.07,-2.4393e-07
141.13,-2.4395e-07
141.2,-2.4388e-07
141.26,-2.4376e-07
141.32,-2.4361e-07
141.37,-2.4362e-07
141.43,-2.4358e-07
141.49,-2.4356e-07
141.55,-2.4383e-07
141.61,-2.4355e-07
141.69,-2.436e-07
141.75,-2.436e-07
141.82,-2.435e-07
141.88,-2.4358e-07
141.95,-2.4352e-07
142.01,-2.435e-07
142.07,-2.436e-07
142.13,-2.4343e-07
142.19,-2.4353e-07
142.26,-2.4353e-07
142.32,-2.4359e-07
142.39,-2.4338e-07
142.45,-2.4353e-07
142.52,-2.4337e-07
142.57,-2.4346e-07
142.63,-2.4355e-07
142.69,-2.4352e-07
142.75,-2.4372e-07
142.81,-2.4367e-07
142.87,-2.4335e-07
142.93,-2.4323e-07
142.99,-2.4343e-07
143.07,-2.4333e-07
143.13,-2.4339e-07
143.19,-2.434e-07
143.25,-2.434e-07
143.31,-2.4327e-07
143.37,-2.4324e-07
143.43,-2.4333e-07
143.49,-2.4322e-07
143.55,-2.4342e-07
143.62,-2.4314e-07
143.68,-2.4315e-07
143.76,-2.4314e-07
143.82,-2.4313e-07
143.88,-2.4303e-07
143.95,-2.4289e-07
144,-2.4302e-07
144.07,-2.4315e-07
144.12,-2.4293e-07
144.19,-2.4287e-07
144.25,-2.4287e-07
144.31,-2.4294e-07
144.38,-2.4299e-07
144.45,-2.4317e-07
144.51,-2.4293e-07
144.57,-2.4278e-07
144.64,-2.4279e-07
144.69,-2.4292e-07
144.76,-2.4274e-07
144.82,-2.4245e-07
144.88,-2.4276e-07
144.95,-2.4253e-07
145.01,-2.4262e-07
145.07,-2.4271e-07
145.14,-2.4258e-07
145.21,-2.4231e-07
145.27,-2.4235e-07
145.34,-2.4242e-07
145.4,-2.4262e-07
145.46,-2.4254e-07
145.53,-2.4241e-07
145.58,-2.4233e-07
145.65,-2.4241e-07
145.7,-2.4249e-07
145.76,-2.4255e-07
145.84,-2.4263e-07
145.9,-2.4263e-07
145.97,-2.4233e-07
146.03,-2.4269e-07
146.1,-2.4254e-07
146.15,-2.4242e-07
146.21,-2.4241e-07
146.27,-2.4242e-07
146.32,-2.4238e-07
146.38,-2.4238e-07
146.45,-2.4223e-07
146.52,-2.4223e-07
146.58,-2.4231e-07
146.64,-2.4233e-07
146.71,-2.4212e-07
146.77,-2.42e-07
146.83,-2.4212e-07
146.89,-2.4214e-07
146.96,-2.4191e-07
147.02,-2.4207e-07
147.08,-2.4196e-07
147.14,-2.4211e-07
147.21,-2.4228e-07
147.28,-2.423e-07
147.34,-2.422e-07
147.4,-2.421e-07
147.46,-2.4196e-07
147.53,-2.419e-07
147.59,-2.4203e-07
147.65,-2.4205e-07
147.71,-2.4201e-07
147.77,-2.4217e-07
147.83,-2.4199e-07
147.91,-2.4175e-07
147.97,-2.4192e-07
148.03,-2.4175e-07
148.09,-2.4168e-07
148.15,-2.4189e-07
148.22,-2.4181e-07
148.27,-2.4179e-07
148.34,-2.4196e-07
148.39,-2.4203e-07
148.45,-2.4182e-07
148.52,-2.4166e-07
148.59,-2.4177e-07
148.65,-2.4176e-07
148.72,-2.4169e-07
148.78,-2.4163e-07
148.84,-2.4176e-07
148.9,-2.4177e-07
148.96,-2.4164e-07
149.03,-2.4147e-07
149.09,-2.4155e-07
149.16,-2.4159e-07
149.22,-2.4174e-07
149.29,-2.415e-07
149.35,-2.4153e-07
149.41,-2.4144e-07
149.48,-2.4125e-07
149.53,-2.4134e-07
149.6,-2.4142e-07
149.66,-2.412e-07
149.72,-2.4126e-07
149.79,-2.4112e-07
149.84,-2.4123e-07
149.91,-2.4123e-07
149.98,-2.4116e-07
150.05,-2.4122e-07
150.11,-2.4124e-07
150.17,-2.413e-07
150.23,-2.413e-07
150.3,-2.4126e-07
150.36,-2.4122e-07
150.42,-2.4123e-07
150.48,-2.4121e-07
150.54,-2.4111e-07
150.59,-2.4107e-07
150.66,-2.411e-07
150.73,-2.4118e-07
150.79,-2.4107e-07
150.85,-2.4111e-07
150.92,-2.4101e-07
150.97,-2.4087e-07
151.04,-2.4072e-07
151.09,-2.4105e-07
151.16,-2.4086e-07
151.22,-2.4098e-07
151.28,-2.4088e-07
151.36,-2.4087e-07
151.42,-2.4082e-07
151.48,-2.4099e-07
151.55,-2.4086e-07
151.6,-2.4083e-07
151.67,-2.4073e-07
151.72,-2.4079e-07
151.79,-2.4086e-07
151.85,-2.4058e-07
151.91,-2.4067e-07
151.98,-2.4091e-07
152.04,-2.4073e-07
152.11,-2.4057e-07
152.17,-2.4056e-07
152.24,-2.4044e-07
152.29,-2.4048e-07
152.36,-2.4042e-07
152.42,-2.4057e-07
152.48,-2.4068e-07
152.55,-2.4061e-07
152.61,-2.406e-07
152.67,-2.407e-07
152.75,-2.4058e-07
152.81,-2.4058e-07
152.87,-2.4041e-07
152.93,-2.4027e-07
152.99,-2.404e-07
153.06,-2.4079e-07
153.12,-2.4055e-07
153.18,-2.405e-07
153.24,-2.4037e-07
153.3,-2.4044e-07
153.37,-2.4031e-07
153.44,-2.4068e-07
153.51,-2.4051e-07
153.57,-2.4039e-07
153.63,-2.4019e-07
153.69,-2.4006e-07
153.75,-2.402e-07
153.81,-2.4013e-07
153.88,-2.3998e-07
153.93,-2.4011e-07
154,-2.4017e-07
154.06,-2.4012e-07
154.13,-2.4006e-07
154.2,-2.4003e-07
154.25,-2.3978e-07
154.32,-2.4015e-07
154.37,-2.3994e-07
154.44,-2.399e-07
154.49,-2.3975e-07
154.56,-2.398e-07
154.62,-2.3971e-07
154.68,-2.3959e-07
154.75,-2.397e-07
154.81,-2.399e-07
154.88,-2.3983e-07
154.94,-2.3995e-07
155,-2.3987e-07
155.06,-2.3989e-07
155.13,-2.3965e-07
155.19,-2.3969e-07
155.25,-2.3986e-07
155.32,-2.3976e-07
155.38,-2.3979e-07
155.44,-2.3974e-07
155.51,-2.3962e-07
155.58,-2.3968e-07
155.64,-2.3969e-07
155.7,-2.3963e-07
155.76,-2.3963e-07
155.82,-2.3962e-07
155.89,-2.3949e-07
155.95,-2.3961e-07
156.01,-2.3962e-07
156.07,-2.3975e-07
156.13,-2.3963e-07
156.2,-2.3956e-07
156.26,-2.3955e-07
156.33,-2.3942e-07
156.39,-2.3946e-07
156.45,-2.3964e-07
156.51,-2.3954e-07
156.57,-2.3948e-07
156.63,-2.3952e-07
156.69,-2.395e-07
156.75,-2.3981e-07
156.82,-2.3972e-07
156.89,-2.3965e-07
156.96,-2.3946e-07
157.01,-2.3948e-07
157.07,-2.394e-07
157.13,-2.396e-07
157.19,-2.395e-07
157.25,-2.3928e-07
157.32,-2.3929e-07
157.38,-2.3945e-07
157.45,-2.3935e-07
157.5,-2.3911e-07
157.58,-2.3931e-07
157.64,-2.3961e-07
157.71,-2.3947e-07
157.77,-2.3947e-07
157.82,-2.3927e-07
157.89,-2.3897e-07
157.95,-2.3913e-07
158.01,-2.3903e-07
158.08,-2.39e-07
158.13,-2.3897e-07
158.2,-2.3917e-07
158.28,-2.3907e-07
158.34,-2.3922e-07
158.4,-2.391e-07
158.46,-2.3893e-07
158.52,-2.3895e-07
158.58,-2.3888e-07
158.65,-2.388e-07
158.7,-2.3869e-07
158.77,-2.389e-07
158.83,-2.3889e-07
158.89,-2.3878e-07
158.96,-2.3883e-07
159.02,-2.3869e-07
159.09,-2.3871e-07
159.15,-2.3867e-07
159.22,-2.3873e-07
159.27,-2.3884e-07
159.33,-2.3856e-07
159.39,-2.3862e-07
159.44,-2.3864e-07
159.5,-2.3861e-07
159.57,-2.3851e-07
159.64,-2.386e-07
159.71,-2.3884e-07
159.77,-2.3864e-07
159.83,-2.3869e-07
159.9,-2.3866e-07
159.96,-2.3866e-07
160.02,-2.3851e-07
160.08,-2.3891e-07
160.14,-2.3871e-07
160.21,-2.3862e-07
160.27,-2.3843e-07
160.35,-2.3851e-07
160.41,-2.3872e-07
160.46,-2.3849e-07
160.53,-2.386e-07
160.59,-2.3851e-07
160.65,-2.3861e-07
160.71,-2.3848e-07
160.78,-2.3855e-07
160.84,-2.3856e-07
160.9,-2.3848e-07
160.96,-2.3838e-07
161.03,-2.3849e-07
161.1,-2.3827e-07
161.15,-2.3833e-07
161.22,-2.3831e-07
161.27,-2.3835e-07
161.34,-2.3831e-07
161.4,-2.3822e-07
161.46,-2.3812e-07
161.52,-2.3807e-07
161.58,-2.3827e-07
161.64,-2.381e-07
161.71,-2.3796e-07
161.78,-2.3803e-07
161.84,-2.382e-07
161.91,-2.3848e-07
161.97,-2.381e-07
162.03,-2.3829e-07
162.08,-2.3842e-07
162.14,-2.3825e-07
162.2,-2.3803e-07
162.26,-2.381e-07
162.32,-2.3782e-07
162.39,-2.3784e-07
162.45,-2.3783e-07
162.52,-2.3777e-07
162.58,-2.3796e-07
162.65,-2.3787e-07
162.7,-2.3791e-07
162.77,-2.3799e-07
162.83,-2.3813e-07
162.89,-2.3803e-07
162.96,-2.3789e-07
163.02,-2.3778e-07
163.09,-2.3781e-07
163.15,-2.3789e-07
163.21,-2.3799e-07
163.27,-2.3785e-07
163.33,-2.3785e-07
163.39,-2.3798e-07
163.46,-2.3784e-07
163.51,-2.3769e-07
163.58,-2.3768e-07
163.64,-2.378e-07
163.7,-2.3779e-07
163.77,-2.3772e-07
163.84,-2.3783e-07
163.9,-2.3779e-07
163.96,-2.3775e-07
164.01,-2.3792e-07
164.08,-2.3764e-07
164.14,-2.3779e-07
164.2,-2.3762e-07
164.26,-2.3773e-07
164.33,-2.3766e-07
164.39,-2.3762e-07
164.46,-2.377e-07
164.53,-2.3773e-07
164.59,-2.3763e-07
164.65,-2.3774e-07
164.72,-2.3762e-07
164.78,-2.3764e-07
164.84,-2.3763e-07
164.9,-2.3765e-07
164.96,-2.3759e-07
165.03,-2.3755e-07
165.09,-2.3754e-07
165.17,-2.376e-07
165.23,-2.375e-07
165.29,-2.3758e-07
165.35,-2.3752e-07
165.41,-2.3748e-07
165.46,-2.3755e-07
165.53,-2.3757e-07
165.59,-2.3757e-07
165.66,-2.3728e-07
165.71,-2.3725e-07
165.78,-2.3755e-07
165.85,-2.373e-07
165.91,-2.3722e-07
165.97,-2.3737e-07
166.03,-2.3735e-07
166.1,-2.3731e-07
166.16,-2.372e-07
166.22,-2.3725e-07
166.28,-2.3719e-07
166.34,-2.371e-07
166.4,-2.371e-07
166.46,-2.3704e-07
166.53,-2.3679e-07
166.59,-2.3696e-07
166.65,-2.367e-07
166.71,-2.3681e-07
166.77,-2.369e-07
166.83,-2.3704e-07
166.88,-2.3715e-07
166.95,-2.3707e-07
167.01,-2.3706e-07
167.08,-2.3694e-07
167.13,-2.3705e-07
167.21,-2.3706e-07
167.27,-2.3694e-07
167.33,-2.3692e-07
167.39,-2.368e-07
167.46,-2.3668e-07
167.52,-2.3664e-07
167.58,-2.3675e-07
167.65,-2.3677e-07
167.7,-2.3703e-07
167.77,-2.3695e-07
167.83,-2.3688e-07
167.9,-2.3684e-07
167.96,-2.37e-07
168.02,-2.368e-07
168.08,-2.3691e-07
168.15,-2.3677e-07
168.21,-2.3667e-07
168.27,-2.3665e-07
168.33,-2.3662e-07
168.39,-2.3657e-07
168.44,-2.3676e-07
168.51,-2.3655e-07
168.58,-2.3653e-07
168.65,-2.3664e-07
168.7,-2.364e-07
168.77,-2.3613e-07
168.82,-2.3638e-07
168.88,-2.3636e-07
168.94,-2.362e-07
169.01,-2.3618e-07
169.07,-2.3633e-07
169.13,-2.3612e-07
169.19,-2.362e-07
169.26,-2.3636e-07
169.33,-2.3627e-07
169.39,-2.3612e-07
169.45,-2.3657e-07
169.5,-2.3632e-07
169.57,-2.3624e-07
169.63,-2.3617e-07
169.7,-2.3623e-07
169.75,-2.3625e-07
169.82,-2.3611e-07
169.87,-2.3637e-07
169.94,-2.3642e-07
170,-2.361e-07
170.07,-2.362e-07
170.13,-2.3618e-07
170.2,-2.3613e-07
170.25,-2.3597e-07
170.32,-2.3611e-07
170.38,-2.3598e-07
170.44,-2.3586e-07
170.5,-2.3602e-07
170.57,-2.3596e-07
170.64,-2.3592e-07
170.7,-2.361e-07
170.76,-2.362e-07
170.82,-2.3591e-07
170.88,-2.3583e-07
170.94,-2.3605e-07
170.99,-2.3603e-07
171.06,-2.3601e-07
171.12,-2.3601e-07
171.18,-2.3578e-07
171.24,-2.3592e-07
171.32,-2.3593e-07
171.38,-2.3624e-07
171.44,-2.3581e-07
171.51,-2.3602e-07
171.57,-2.3599e-07
171.63,-2.3588e-07
171.7,-2.3576e-07
171.75,-2.3566e-07
171.82,-2.3578e-07
171.88,-2.3577e-07
171.94,-2.3559e-07
172.02,-2.3563e-07
172.08,-2.3582e-07
172.15,-2.3565e-07
172.21,-2.3578e-07
172.27,-2.3561e-07
172.34,-2.3584e-07
172.39,-2.3569e-07
172.46,-2.3567e-07
172.51,-2.357e-07
172.57,-2.356e-07
172.63,-2.3577e-07
172.71,-2.3573e-07
172.77,-2.3554e-07
172.84,-2.3556e-07
172.9,-2.3566e-07
172.96,-2.3545e-07
173.03,-2.3529e-07
173.08,-2.3556e-07
173.15,-2.3546e-07
173.21,-2.3546e-07
173.27,-2.3544e-07
173.34,-2.3557e-07
173.4,-2.355e-07
173.47,-2.3531e-07
173.53,-2.3525e-07
173.6,-2.3519e-07
173.65,-2.3538e-07
173.72,-2.3524e-07
173.78,-2.3534e-07
173.84,-2.3545e-07
173.91,-2.353e-07
173.97,-2.3548e-07
174.03,-2.3529e-07
174.11,-2.354e-07
174.17,-2.3558e-07
174.23,-2.3536e-07
174.29,-2.3542e-07
174.35,-2.3555e-07
174.42,-2.3535e-07
174.48,-2.3542e-07
174.54,-2.3554e-07
174.6,-2.3537e-07
174.67,-2.3523e-07
174.72,-2.3527e-07
174.79,-2.3515e-07
174.85,-2.3515e-07
174.92,-2.3531e-07
174.98,-2.3527e-07
175.04,-2.3535e-07
175.1,-2.3551e-07
175.16,-2.3528e-07
175.22,-2.351e-07
175.29,-2.3535e-07
175.35,-2.3531e-07
175.41,-2.3541e-07
175.49,-2.3526e-07
175.55,-2.3544e-07
175.61,-2.3535e-07
175.67,-2.3534e-07
175.73,-2.3524e-07
175.79,-2.3502e-07
175.85,-2.3509e-07
175.91,-2.3525e-07
175.98,-2.3517e-07
176.04,-2.3509e-07
176.1,-2.3519e-07
176.17,-2.3496e-07
176.24,-2.3503e-07
176.3,-2.3502e-07
176.36,-2.351e-07
176.42,-2.3489e-07
176.48,-2.3487e-07
176.55,-2.3492e-07
176.61,-2.3496e-07
176.68,-2.3499e-07
176.73,-2.3475e-07
176.79,-2.3474e-07
176.87,-2.3474e-07
176.93,-2.3476e-07
176.99,-2.3482e-07
177.05,-2.3489e-07
177.12,-2.3495e-07
177.18,-2.3488e-07
177.24,-2.3501e-07
177.3,-2.3495e-07
177.37,-2.3481e-07
177.42,-2.3484e-07
177.49,-2.349e-07
177.57,-2.3485e-07
177.63,-2.3492e-07
177.69,-2.3458e-07
177.76,-2.3477e-07
177.82,-2.3478e-07
177.88,-2.3474e-07
177.94,-2.3484e-07
178,-2.3484e-07
178.06,-2.3472e-07
178.12,-2.3486e-07
178.18,-2.3448e-07
178.26,-2.3471e-07
178.32,-2.3464e-07
178.38,-2.3479e-07
178.45,-2.3462e-07
178.51,-2.3471e-07
178.57,-2.3474e-07
178.63,-2.3483e-07
178.69,-2.3473e-07
178.76,-2.3462e-07
178.82,-2.3457e-07
178.88,-2.3467e-07
178.96,-2.3454e-07
179.02,-2.3448e-07
179.08,-2.3449e-07
179.15,-2.3451e-07
179.21,-2.3454e-07
179.28,-2.3434e-07
179.33,-2.3421e-07
179.4,-2.3446e-07
179.46,-2.3431e-07
179.52,-2.3434e-07
179.59,-2.3432e-07
179.65,-2.3421e-07
179.72,-2.3429e-07
179.78,-2.3434e-07
179.84,-2.3422e-07
179.9,-2.3412e-07
179.97,-2.3411e-07
180.03,-2.341e-07
180.09,-2.3416e-07
180.16,-2.3407e-07
180.22,-2.3421e-07
180.28,-2.343e-07
180.36,-2.3414e-07
180.42,-2.3401e-07
180.48,-2.3409e-07
180.54,-2.3411e-07
180.6,-2.3414e-07
180.67,-2.342e-07
180.73,-2.341e-07
180.79,-2.3394e-07
180.85,-2.3415e-07
180.91,-2.3421e-07
180.98,-2.3421e-07
181.05,-2.342e-07
181.11,-2.3416e-07
181.17,-2.3408e-07
181.23,-2.341e-07
181.29,-2.3396e-07
181.35,-2.3397e-07
181.41,-2.3403e-07
181.47,-2.3393e-07
181.53,-2.3397e-07
181.59,-2.3419e-07
181.65,-2.3408e-07
181.73,-2.3395e-07
181.79,-2.3411e-07
181.85,-2.3391e-07
181.92,-2.3384e-07
181.97,-2.3404e-07
182.04,-2.3386e-07
182.1,-2.3382e-07
182.16,-2.3378e-07
182.22,-2.3415e-07
182.28,-2.3418e-07
182.34,-2.3406e-07
182.42,-2.3408e-07
182.48,-2.341e-07
182.54,-2.3418e-07
182.6,-2.3423e-07
182.66,-2.3411e-07
182.73,-2.3395e-07
182.79,-2.3391e-07
182.85,-2.3376e-07
182.91,-2.3404e-07
182.97,-2.3391e-07
183.03,-2.3369e-07
183.1,-2.3381e-07
183.16,-2.337e-07
183.23,-2.3362e-07
183.29,-2.3352e-07
183.35,-2.3354e-07
183.41,-2.3357e-07
183.47,-2.3366e-07
183.53,-2.338e-07
183.59,-2.3353e-07
183.65,-2.3356e-07
183.72,-2.3352e-07
183.79,-2.3347e-07
183.85,-2.3331e-07
183.91,-2.3344e-07
183.98,-2.336e-07
184.03,-2.3369e-07
184.09,-2.3359e-07
184.15,-2.3374e-07
184.22,-2.3377e-07
184.28,-2.3361e-07
184.34,-2.3357e-07
184.41,-2.3367e-07
184.48,-2.3393e-07
184.54,-2.3395e-07
184.6,-2.3377e-07
184.67,-2.3379e-07
184.72,-2.3371e-07
184.79,-2.3375e-07
184.85,-2.3376e-07
184.91,-2.336e-07
184.98,-2.3384e-07
185.03,-2.3354e-07
185.1,-2.3359e-07
185.17,-2.3353e-07
185.23,-2.3361e-07
185.29,-2.3351e-07
185.35,-2.3343e-07
185.42,-2.3349e-07
185.48,-2.3328e-07
185.54,-2.3324e-07
185.6,-2.3323e-07
185.66,-2.3322e-07
185.72,-2.334e-07
185.78,-2.3341e-07
185.86,-2.3318e-07
185.92,-2.3323e-07
185.98,-2.3304e-07
186.05,-2.3311e-07
186.11,-2.3315e-07
186.17,-2.3324e-07
186.23,-2.3344e-07
186.29,-2.3346e-07
186.35,-2.3326e-07
186.41,-2.3324e-07
186.47,-2.3318e-07
186.55,-2.3323e-07
186.61,-2.3311e-07
186.67,-2.3333e-07
186.74,-2.3328e-07
186.8,-2.3316e-07
186.86,-2.3319e-07
186.92,-2.3317e-07
186.99,-2.3318e-07
187.05,-2.3307e-07
187.11,-2.3304e-07
187.18,-2.3324e-07
187.24,-2.3306e-07
187.31,-2.3334e-07
187.37,-2.3324e-07
187.43,-2.3329e-07
187.49,-2.3298e-07
187.55,-2.3299e-07
187.62,-2.3316e-07
187.68,-2.3308e-07
187.74,-2.3284e-07
187.8,-2.3286e-07
187.87,-2.33e-07
187.95,-2.3318e-07
188.01,-2.329e-07
188.07,-2.3317e-07
188.13,-2.3309e-07
188.18,-2.3309e-07
188.25,-2.3304e-07
188.31,-2.3332e-07
188.37,-2.3328e-07
188.43,-2.3338e-07
188.5,-2.3293e-07
188.55,-2.3303e-07
188.62,-2.3293e-07
188.68,-2.3292e-07
188.75,-2.3259e-07
188.81,-2.3275e-07
188.87,-2.3282e-07
188.93,-2.3266e-07
188.99,-2.3259e-07
189.05,-2.3266e-07
189.12,-2.3264e-07
189.18,-2.3271e-07
189.24,-2.3279e-07
189.32,-2.3265e-07
189.38,-2.3263e-07
189.44,-2.3265e-07
189.51,-2.3252e-07
189.57,-2.3276e-07
189.63,-2.3265e-07
189.69,-2.3272e-07
189.76,-2.3265e-07
189.82,-2.3268e-07
189.88,-2.3273e-07
189.95,-2.3271e-07
190.02,-2.3267e-07
190.08,-2.3267e-07
190.14,-2.3261e-07
190.21,-2.3258e-07
190.26,-2.3241e-07
190.33,-2.3251e-07
190.39,-2.3238e-07
190.45,-2.324e-07
190.52,-2.3236e-07
190.58,-2.3246e-07
190.64,-2.3234e-07
190.72,-2.3222e-07
190.78,-2.3237e-07
190.84,-2.3228e-07
190.9,-2.3225e-07
190.96,-2.3211e-07
191.03,-2.3227e-07
191.09,-2.3214e-07
191.16,-2.3245e-07
191.21,-2.3236e-07
191.28,-2.3231e-07
191.34,-2.3251e-07
191.42,-2.3248e-07
191.48,-2.3241e-07
191.54,-2.324e-07
191.6,-2.3236e-07
191.66,-2.3272e-07
191.72,-2.3276e-07
191.78,-2.3241e-07
191.84,-2.3211e-07
191.9,-2.3224e-07
191.96,-2.3228e-07
192.01,-2.3223e-07
192.09,-2.3212e-07
192.15,-2.3223e-07
192.21,-2.3221e-07
192.27,-2.3197e-07
192.33,-2.3203e-07
192.39,-2.3212e-07
192.45,-2.3203e-07
192.5,-2.3229e-07
192.57,-2.3225e-07
192.63,-2.319e-07
192.69,-2.3231e-07
192.77,-2.3203e-07
192.83,-2.3206e-07
192.89,-2.3217e-07
192.95,-2.3208e-07
193.02,-2.3219e-07
193.08,-2.3205e-07
193.13,-2.3205e-07
193.2,-2.3218e-07
193.25,-2.3212e-07
193.32,-2.3219e-07
193.38,-2.3199e-07
193.46,-2.3183e-07
193.52,-2.3193e-07
193.58,-2.3202e-07
193.65,-2.3208e-07
193.7,-2.3191e-07
193.77,-2.3196e-07
193.83,-2.3193e-07
193.89,-2.3189e-07
193.95,-2.3199e-07
194.01,-2.3189e-07
194.08,-2.3187e-07
194.15,-2.3191e-07
194.21,-2.3185e-07
194.27,-2.3207e-07
194.33,-2.3191e-07
194.39,-2.3179e-07
194.45,-2.318e-07
194.52,-2.3202e-07
194.58,-2.3196e-07
194.65,-2.3203e-07
194.71,-2.3188e-07
194.77,-2.3192e-07
194.84,-2.3193e-07
194.9,-2.3187e-07
194.97,-2.3199e-07
195.02,-2.3191e-07
195.09,-2.3188e-07
195.15,-2.3171e-07
195.21,-2.317e-07
195.28,-2.3165e-07
195.34,-2.3177e-07
195.4,-2.3167e-07
195.46,-2.317e-07
195.54,-2.315e-07
195.6,-2.3161e-07
195.66,-2.3161e-07
195.72,-2.316e-07
195.78,-2.3173e-07
195.84,-2.3155e-07
195.9,-2.3148e-07
195.96,-2.3152e-07
196.03,-2.3142e-07
196.09,-2.3147e-07
196.15,-2.3163e-07
196.23,-2.3176e-07
196.29,-2.3161e-07
196.35,-2.3174e-07
196.4,-2.3164e-07
196.47,-2.316e-07
196.52,-2.3162e-07
196.58,-2.3138e-07
196.64,-2.3129e-07
196.71,-2.3132e-07
196.77,-2.3141e-07
196.83,-2.3139e-07
196.91,-2.3125e-07
196.97,-2.3122e-07
197.03,-2.3129e-07
197.09,-2.3106e-07
197.15,-2.3127e-07
197.21,-2.313e-07
197.27,-2.3124e-07
197.33,-2.3109e-07
197.39,-2.3118e-07
197.45,-2.3102e-07
197.52,-2.3115e-07
197.59,-2.311e-07
197.65,-2.3104e-07
197.72,-2.3115e-07
197.78,-2.3116e-07
197.84,-2.31e-07
197.91,-2.3092e-07
197.96,-2.3097e-07
198.03,-2.3119e-07
198.09,-2.3095e-07
198.14,-2.3133e-07
198.21,-2.3109e-07
198.28,-2.3111e-07
198.34,-2.311e-07
198.41,-2.3116e-07
198.47,-2.3102e-07
198.53,-2.3127e-07
198.58,-2.3128e-07
198.65,-2.312e-07
198.7,-2.3098e-07
198.76,-2.3106e-07
198.83,-2.3129e-07
198.88,-2.3133e-07
198.96,-2.31e-07
199.02,-2.3116e-07
199.09,-2.3121e-07
199.15,-2.3103e-07
199.21,-2.3103e-07
199.28,-2.3111e-07
199.34,-2.3121e-07
199.4,-2.3117e-07
199.46,-2.3106e-07
199.52,-2.3122e-07
199.58,-2.3102e-07
199.66,-2.3096e-07
199.72,-2.3067e-07
199.78,-2.3057e-07
199.85,-2.3067e-07
199.91,-2.307e-07
199.97,-2.3087e-07
200.03,-2.3088e-07
200.1,-2.3064e-07
200.15,-2.3076e-07
200.21,-2.3063e-07
200.27,-2.3071e-07
