mouse_id,group,block,trial_start,trial_stop,baseline_corrected_preparatory_lick_hz
1,control,1,1,100,0.06031022458202642
1,control,2,101,200,0.33282241693523246
1,control,3,201,300,0.8069874247862754
1,control,4,301,400,1.586003592213965
1,control,5,401,500,1.3282127857522574
1,control,6,501,600,1.9839509714517771
1,control,7,601,700,2.09540518549853
1,control,8,701,800,1.8118679810501634
2,control,1,1,100,0.16720406775544688
2,control,2,101,200,0.9173069391719764
2,control,3,201,300,1.114436997993107
2,control,4,301,400,1.3437604813612416
2,control,5,401,500,2.4898659807904187
2,control,6,501,600,3.0615413604094646
2,control,7,601,700,3.3181641692086123
2,control,8,701,800,3.638734532394446
4,control,1,1,100,0.3564194160111947
4,control,2,101,200,0.28194027991965415
4,control,3,201,300,0.4552885660529137
4,control,4,301,400,0.8071737770276377
4,control,5,401,500,1.636684437625703
4,control,6,501,600,1.0728471873100551
4,control,7,601,700,1.1654166305315448
4,control,8,701,800,1.6620913611620198
6,control,1,1,100,-0.053692043358605585
6,control,2,101,200,-0.03251600221803528
6,control,3,201,300,0.14285193867603085
6,control,4,301,400,0.21105570576590252
6,control,5,401,500,0.12584943833207946
6,control,6,501,600,0.0570788749269559
6,control,7,601,700,0.26435087004007074
6,control,8,701,800,0.4563650407927344
9,control,1,1,100,-0.309543803510569
9,control,2,101,200,0.056590381063142556
9,control,3,201,300,0.23415398318174993
9,control,4,301,400,-0.10574276097246244
9,control,5,401,500,-0.09184234580723569
9,control,6,501,600,0.039765001632040366
9,control,7,601,700,-0.017866271142847837
9,control,8,701,800,0.0461927545722574
11,control,1,1,100,0.21841090038898983
11,control,2,101,200,-0.09521717849798733
11,control,3,201,300,0.2912082546344027
11,control,4,301,400,0.8014352818811312
11,control,5,401,500,0.9157030065741856
11,control,6,501,600,1.548503788758535
11,control,7,601,700,1.5855758572858758
11,control,8,701,800,1.5752541863037186
15,control,1,1,100,0.09213999233921641
15,control,2,101,200,0.08963897189096315
15,control,3,201,300,0.35350953072775154
15,control,4,301,400,0.738775952247961
15,control,5,401,500,1.6950437835261254
15,control,6,501,600,1.329380842000246
15,control,7,601,700,1.572222356565835
15,control,8,701,800,1.3767134290937975
16,control,1,1,100,0.33191912331425555
16,control,2,101,200,0.8032698853485636
16,control,3,201,300,2.3400342108841867
16,control,4,301,400,4.015185290239751
16,control,5,401,500,4.0657671762340035
16,control,6,501,600,4.323410582067445
16,control,7,601,700,4.513734436052473
16,control,8,701,800,4.591616366821109
19,control,1,1,100,0.01489736481453292
19,control,2,101,200,-0.032753075783257375
19,control,3,201,300,-0.07491631113487529
19,control,4,301,400,0.03862263845745474
19,control,5,401,500,-0.017158485515974462
19,control,6,501,600,-0.03690577926521655
19,control,7,601,700,-0.027397105090203697
19,control,8,701,800,-0.013961546474602073
3,stimLick-,1,1,100,0.2709000990494678
3,stimLick-,2,101,200,0.7946969431010075
3,stimLick-,3,201,300,2.267547742421593
3,stimLick-,4,301,400,2.6807003043638544
3,stimLick-,5,401,500,3.9296765797084663
3,stimLick-,6,501,600,2.992616713210591
3,stimLick-,7,601,700,4.097292764291827
3,stimLick-,8,701,800,3.563042659559869
5,stimLick-,1,1,100,0.020812677484354936
5,stimLick-,2,101,200,0.03490006636362523
5,stimLick-,3,201,300,0.10978411776508437
5,stimLick-,4,301,400,0.5863795273454161
5,stimLick-,5,401,500,0.7043336415952581
5,stimLick-,6,501,600,0.6878413649851427
5,stimLick-,7,601,700,1.509594905670383
5,stimLick-,8,701,800,1.1951439628499794
10,stimLick-,1,1,100,0.03285503822957253
10,stimLick-,2,101,200,0.1540009316133728
10,stimLick-,3,201,300,-0.057707040719687935
10,stimLick-,4,301,400,0.6115051932819188
10,stimLick-,5,401,500,0.9191656899824738
10,stimLick-,6,501,600,1.2251056562946179
10,stimLick-,7,601,700,2.275696617998183
10,stimLick-,8,701,800,2.528866921700537
14,stimLick-,1,1,100,-0.046619961310207146
14,stimLick-,2,101,200,0.29289621193689525
14,stimLick-,3,201,300,0.6007053421624005
14,stimLick-,4,301,400,0.9277372822194593
14,stimLick-,5,401,500,2.3982911098501063
14,stimLick-,6,501,600,2.180314318421297
14,stimLick-,7,601,700,3.989157232659054
14,stimLick-,8,701,800,4.304096018392593
18,stimLick-,1,1,100,0.17461882482370128
18,stimLick-,2,101,200,-0.04743021525311633
18,stimLick-,3,201,300,0.39436823999436454
18,stimLick-,4,301,400,0.7576448141547735
18,stimLick-,5,401,500,0.9872208963108278
18,stimLick-,6,501,600,2.06827410761427
18,stimLick-,7,601,700,2.4379810095811263
18,stimLick-,8,701,800,1.2556395921198418
20,stimLick-,1,1,100,0.14176634283270687
20,stimLick-,2,101,200,0.28922345498285723
20,stimLick-,3,201,300,1.3306927280209493
20,stimLick-,4,301,400,0.3244673377512663
20,stimLick-,5,401,500,0.023117949799634517
20,stimLick-,6,501,600,0.07964804662391543
20,stimLick-,7,601,700,0.13953090590715875
20,stimLick-,8,701,800,0.2971653593471274
7,stimLick+,1,1,100,-0.1837497911356695
7,stimLick+,2,101,200,0.15183707235075417
7,stimLick+,3,201,300,0.527878945027187
7,stimLick+,4,301,400,0.17003222030878531
7,stimLick+,5,401,500,0.054214308353257364
7,stimLick+,6,501,600,0.12293581534686382
7,stimLick+,7,601,700,0.07006728058040608
7,stimLick+,8,701,800,0.28014213460191967
8,stimLick+,1,1,100,-0.008667988823726774
8,stimLick+,2,101,200,-0.0026358758361311628
8,stimLick+,3,201,300,0.1307532840280328
8,stimLick+,4,301,400,-0.11300280027193367
8,stimLick+,5,401,500,-0.07251413177931681
8,stimLick+,6,501,600,0.019343044117558748
8,stimLick+,7,601,700,-0.14030420119808695
8,stimLick+,8,701,800,-0.1424850196368061
12,stimLick+,1,1,100,0.27880090315054984
12,stimLick+,2,101,200,0.04724452007096261
12,stimLick+,3,201,300,0.5598396473894536
12,stimLick+,4,301,400,1.511080963551649
12,stimLick+,5,401,500,1.6267407663661289
12,stimLick+,6,501,600,2.040194602380507
12,stimLick+,7,601,700,3.4140110251982696
12,stimLick+,8,701,800,3.0340165109513326
13,stimLick+,1,1,100,-0.0932862771920918
13,stimLick+,2,101,200,0.4469808014921728
13,stimLick+,3,201,300,0.3616230112884659
13,stimLick+,4,301,400,0.8428134228361887
13,stimLick+,5,401,500,0.5713845681311795
13,stimLick+,6,501,600,0.260486355307221
13,stimLick+,7,601,700,0.7428618542850017
13,stimLick+,8,701,800,1.0481814435846173
17,stimLick+,1,1,100,0.10495069150605559
17,stimLick+,2,101,200,0.22788185995894308
17,stimLick+,3,201,300,0.3976110506121768
17,stimLick+,4,301,400,0.1415614459756762
17,stimLick+,5,401,500,0.18511639292992185
17,stimLick+,6,501,600,0.5127288663981017
17,stimLick+,7,601,700,0.32471755304766703
17,stimLick+,8,701,800,0.18115395923843608
