mouse_id,session_id,asset_path,source_sha256,status,rejection_reason,n_behavior_trials,n_valid_behavior_trials,n_aligned_trials,n_rewarded,n_stochastic_omission,separation_mean,separation_ci_low,separation_ci_high,separation_auc,quality_pass
BSD011,p148,sub-BSD011/sub-BSD011_ses-p148.nwb,c726c3f5527e0815aaa4ce0bee85b8d3bcf85e9cc956a709d5fe0ca0b8cfeabc,substantive,,577,575,575,305,108,-0.0033200706480019096,-0.008885897012104056,0.0022684597468153466,0.4525804493017608,False
BSD011,p149,sub-BSD011/sub-BSD011_ses-p149.nwb,b74e61799d73e7d0601915796b58164e80f40d8088eada4941add7079010eab1,substantive,,673,669,669,362,138,-0.0204900171220736,-0.041431616499169474,6.08647880650747e-05,0.44969573224437503,False
BSD011,p150,sub-BSD011/sub-BSD011_ses-p150.nwb,6a3d21584efd5f4d3a699932b5b4b5c8f9bfd7fc07613c2b6e2c15dd0b155ee4,substantive,,514,511,511,304,100,0.509606371031774,0.44191680519481086,0.5775298898872787,0.8639473684210527,True
BSD011,p151,sub-BSD011/sub-BSD011_ses-p151.nwb,836b0e551cceb850f491b0028e1cccd3f1026c629379e25e7cb35a63dc918a9c,substantive,,468,467,467,260,100,0.4039192632266041,0.3403369888446502,0.4680968636739939,0.8529615384615384,True
BSD011,p152,sub-BSD011/sub-BSD011_ses-p152.nwb,d094bd582f95629b43691ab0f2d6dbd810ab2444fd7d7ca8913a047f5a54940d,substantive,,753,751,751,444,147,-0.10216285023366428,-0.24614666668442955,0.046513910662057616,0.46787093215664644,False
BSD011,p153,sub-BSD011/sub-BSD011_ses-p153.nwb,2b166aa2844b78367146f00f42a4f95e00472ddddf5ade5b73fbdee287fb19a0,substantive,,780,778,778,447,142,-0.0508549010585632,-0.208560299678345,0.1045711224690534,0.4860100198506475,False
BSD011,p154,sub-BSD011/sub-BSD011_ses-p154.nwb,6e4f4219bc648081e98240f577abe3e9faa0e22766fd4fd2d0dcb53a230be1d8,substantive,,312,305,305,183,43,0.9928403747286805,0.8002885003599801,1.188929369881938,0.8581776591688905,True
BSD011,p155,sub-BSD011/sub-BSD011_ses-p155.nwb,9aae18ca5983d262961aa5d01e429c95850fbd0899747033162dbeba25639a9a,substantive,,710,708,708,433,140,0.9560246837758558,0.8363590758411283,1.0745390003549327,0.8494721214120752,True
BSD011,p156,sub-BSD011/sub-BSD011_ses-p156.nwb,38b3e84b04417cf5cee867d3fef932238873ca77b57b98d100a9731f04e20406,substantive,,913,911,911,531,178,1.1562080852836751,1.0525966520525174,1.262172567333697,0.8920946274783639,True
BSD011,p157,sub-BSD011/sub-BSD011_ses-p157.nwb,18dd413415d10fcc335b8d2db51bc7b23521bcd0ea9d1712432e8523549459f0,substantive,,809,808,808,488,147,0.613546506211728,0.5047209479958787,0.725687394591215,0.7424863387978142,True
BSD011,p158,sub-BSD011/sub-BSD011_ses-p158.nwb,c7b5006579451ac271225036279513805694bbc16b49a7afda98a24bd2a1fa48,substantive,,1064,1061,1061,627,230,-0.06699024679381294,-0.1973690914811634,0.06906176919612345,0.46886484987171484,False
BSD011,p159,sub-BSD011/sub-BSD011_ses-p159.nwb,6096a244cb175c1e8789d30c7255aaada65a53e3a507c151b35d223f6e830056,substantive,,847,843,843,542,137,-0.12215813294942487,-0.25326297318197893,0.00811850526114308,0.44982088507016454,False
BSD011,p160,sub-BSD011/sub-BSD011_ses-p160.nwb,8176549c4b372639948240113816cbf46a89890eb4dd67dffd20ead157c17a31,substantive,,446,442,442,277,79,0.0024953510848487997,-0.1961215770453089,0.20157626584704447,0.5028104007677192,False
BSD011,p161,sub-BSD011/sub-BSD011_ses-p161.nwb,9777f7b02aebbe71abcb105eb9f28574e4e91b842c3e4290cae7f73f41e8c62b,substantive,,577,571,571,331,129,-0.17761078134206942,-0.3368145118139594,-0.014132080523976591,0.4328672802641748,False
BSD015,p104,sub-BSD015/sub-BSD015_ses-p104.nwb,89bd98defd1edde6cecc473e51c60882ea662f94bbabdf6985a275205d49489d,substantive,,1017,1013,1013,555,195,0.9124108550650335,0.8380533015721081,0.9878757948860459,0.9038392238392239,True
BSD015,p105,sub-BSD015/sub-BSD015_ses-p105.nwb,33c3b017b882aba3508288fa8befd4d23b210d747ab37c4c8af773e48ae653f2,substantive,,984,982,982,568,160,0.4926287098655675,0.449285908852766,0.5373193922081644,0.9017165492957746,True
BSD015,p106,sub-BSD015/sub-BSD015_ses-p106.nwb,58244185c1af01c2c19e94ef9632ff3a943b5ccf9ea927229b87912b89ca831e,behavior_only,one or both photometry channels are absent,1098,1093,0,0,0,nan,nan,nan,nan,False
BSD015,p107,sub-BSD015/sub-BSD015_ses-p107.nwb,042ad2f15fd407db54b3e5f99b815ed24198b6b66d37c903926845a652a6e13d,substantive,,983,981,981,582,173,1.1480900721079967,1.0863879125254325,1.2098362902684876,0.9719424746240788,True
BSD015,p108,sub-BSD015/sub-BSD015_ses-p108.nwb,2c8356aae1a5bfa34f5473d95816650f1b5aae15d2d21bdbcf1d09a3ffb87be6,substantive,,923,922,922,562,170,0.4439959192732676,0.410385368953141,0.4780647354750477,0.9297676365920033,True
BSD015,p109,sub-BSD015/sub-BSD015_ses-p109.nwb,56b1f024425b5cbd77cd4464829c89ef30407a6655f0b5038cb27ce6dd4f8897,behavior_only,one or both photometry channels are absent,929,929,0,0,0,nan,nan,nan,nan,False
BSD015,p110,sub-BSD015/sub-BSD015_ses-p110.nwb,75d249d84ca95b339ba0fc450a3e4e02e730c5fdc30c2a8e86b863bd6c00d68c,substantive,,1139,1137,1137,636,225,1.840273827706359,1.743589467810938,1.938931890004132,0.963466107617051,True
BSD015,p111,sub-BSD015/sub-BSD015_ses-p111.nwb,1f3664a9181ec4079f28d9cfe4812e9349b7f524fc975324a175079cf196d6b7,substantive,,981,978,978,548,203,0.7260137224284817,0.6862980335821831,0.7671601049615054,0.9657959080939197,True
BSD015,p112,sub-BSD015/sub-BSD015_ses-p112.nwb,f1e6cc7284834cc7188bb46b5638f0c4618e3a05ae39373c8decd62cdd751042,behavior_only,one or both photometry channels are absent,803,801,0,0,0,nan,nan,nan,nan,False
BSD015,p113,sub-BSD015/sub-BSD015_ses-p113.nwb,fbecbf802ed5850f4d301541059f497bfd8d44e95739b096146ec21e3fd1e2fb,behavior_only,one or both photometry channels are absent,982,982,0,0,0,nan,nan,nan,nan,False
BSD015,p114,sub-BSD015/sub-BSD015_ses-p114.nwb,7c2127b5003e314c77428554d1a58d797965600e5170846aaad31d401644c1c5,behavior_only,one or both photometry channels are absent,837,834,0,0,0,nan,nan,nan,nan,False
BSD015,p115,sub-BSD015/sub-BSD015_ses-p115.nwb,bf29a0343982faffa86a28b921688ecd3d312230a96727827806dbb80de21eb9,behavior_only,one or both photometry channels are absent,545,542,0,0,0,nan,nan,nan,nan,False
BSD015,p116,sub-BSD015/sub-BSD015_ses-p116.nwb,75ea96bcc8e44d0ffddf3fad915021f7f46b87bc30d99400e7f5cd6cb641191b,substantive,,699,698,698,409,129,1.8659477274597194,1.742037204421053,1.9911364320424148,0.9601599666420273,True
BSD015,p117,sub-BSD015/sub-BSD015_ses-p117.nwb,23fe4414517550e4e58417f240d9d75af471f372ef69c7ad349606c409e8b562,substantive,,756,756,756,445,140,1.4536103693827938,1.3285985360145474,1.5761752453905689,0.9225361155698234,True
BSD016,p106,sub-BSD016/sub-BSD016_ses-p106.nwb,fa4d628876717cfb9c6de3d22e38c71f8a0c18dd4118e97fa6ef37b188f37de1,substantive,,757,757,757,440,155,0.6413600814636391,0.5882940240160676,0.6946956697219501,0.9135923753665689,True
BSD016,p107,sub-BSD016/sub-BSD016_ses-p107.nwb,bbd97aa247cb1bc757cd680a191d341379953fafe4c17b68a3697c3282c26e54,substantive,,916,915,915,530,186,1.2105070962300066,1.135337217556682,1.2848687312022096,0.9424426861432339,True
BSD016,p108,sub-BSD016/sub-BSD016_ses-p108.nwb,6f68ff51daeda089bd3042dc3f2010e4a1b7ecc72b1bab15d8be5a01b452086e,behavior_only,one or both photometry channels are absent,923,922,0,0,0,nan,nan,nan,nan,False
BSD016,p109,sub-BSD016/sub-BSD016_ses-p109.nwb,06c40d0757520fc9585ac9da4cc8d65968d06bb674a40c175e00383145f86983,substantive,,941,939,939,584,165,1.6070163978831715,1.4886388860605002,1.7297241778803256,0.9215545869655458,True
BSD016,p110,sub-BSD016/sub-BSD016_ses-p110.nwb,1862f7a34ae15d2a672c9eedf4e7f737f6be1e2829e66b8d0e8e6a3423b0e30b,substantive,,986,985,985,609,184,1.1876914357571455,1.1143908757075047,1.2645660556132627,0.9601806239737274,True
BSD016,p111,sub-BSD016/sub-BSD016_ses-p111.nwb,16f041f4554865cf37d5e7163c8700b69be430e26024fef4cb8a1c4d07397b96,behavior_only,one or both photometry channels are absent,1005,1003,0,0,0,nan,nan,nan,nan,False
BSD016,p112,sub-BSD016/sub-BSD016_ses-p112.nwb,f7c4083b56f57d7c9b532d83bac7f369548677f7432c9efb175962faccbe5f6a,substantive,,998,996,996,584,183,0.6939731871971577,0.6435442644336398,0.7455109554694923,0.9325829029118946,True
BSD016,p113,sub-BSD016/sub-BSD016_ses-p113.nwb,6cfae35df897868c4ba07d0af5e93d27f5149366115974f490658306aa9ec4f4,substantive,,976,976,976,576,194,1.20991059315141,1.1414139795534848,1.2767858761823399,0.96146549255441,True
BSD016,p114,sub-BSD016/sub-BSD016_ses-p114.nwb,c766e3a928feab4930edb60cb3cf88d146580d1e4319a98f70a69fd94f069258,behavior_only,one or both photometry channels are absent,1044,1044,0,0,0,nan,nan,nan,nan,False
BSD016,p115,sub-BSD016/sub-BSD016_ses-p115.nwb,b08643c78257371d31bb8161c32b70bc16e8fcd67c6eed7d60cc7f11c567d1bd,behavior_only,one or both photometry channels are absent,910,909,0,0,0,nan,nan,nan,nan,False
BSD016,p116,sub-BSD016/sub-BSD016_ses-p116.nwb,2de15b047294151853be553817560da24e94b243fb4c0eb2c26a417424b1fc1e,behavior_only,one or both photometry channels are absent,910,908,0,0,0,nan,nan,nan,nan,False
BSD016,p117,sub-BSD016/sub-BSD016_ses-p117.nwb,7e54bd09b992b8e757b20b43f355176db2dd60ec2f36a5791e7b1a4e9da7db6e,behavior_only,one or both photometry channels are absent,1006,1006,0,0,0,nan,nan,nan,nan,False
BSD016,p118,sub-BSD016/sub-BSD016_ses-p118.nwb,7d978cce7024ef52af4941753529c1c183b15c0e0d33c9f1ddd709e104840ff5,truncated,photometry contains only 30 samples,992,990,0,0,0,nan,nan,nan,nan,False
BSD016,p119,sub-BSD016/sub-BSD016_ses-p119.nwb,62b10f3a027a1efef092711ad0770791d202677e4d60a7c0b64c6c86e24ce357,truncated,photometry contains only 40 samples,802,797,0,0,0,nan,nan,nan,nan,False
BSD017,p153,sub-BSD017/sub-BSD017_ses-p153.nwb,b6cd366a0041c2189701dac340c6113b692f80729a4a704a46997a653f4bf9c1,substantive,,790,789,789,458,153,0.9412195030612739,0.8028451445530909,1.0796623924319426,0.7890373034220967,True
BSD017,p154,sub-BSD017/sub-BSD017_ses-p154.nwb,34e9c8cfe01f0013b2c6e0cd539b8bcb4d9ff6a15912aff0ddd6aa0ba8aa608c,substantive,,749,744,744,408,136,1.1366261499011014,0.9591651002879734,1.3109555881208825,0.8040477220299884,True
BSD017,p155,sub-BSD017/sub-BSD017_ses-p155.nwb,82bdafd230d41bbbd6981162c7e7bdce5022b3fdf5e608a08ceae92f26bc6617,behavior_only,one or both photometry channels are absent,464,463,0,0,0,nan,nan,nan,nan,False
BSD017,p156,sub-BSD017/sub-BSD017_ses-p156.nwb,7875622abe6db41a2ccc2cd53362167cd20ab5eedb0e86ce02277ca18897a19d,substantive,,1013,1010,1010,552,168,0.8973222279040681,0.7695345119857703,1.0189196137598975,0.794168391994479,True
BSD017,p157,sub-BSD017/sub-BSD017_ses-p157.nwb,11d25b9a4fd90c263d2f474bb60ddac811cebe8c5a03ddfc880a1e2b2c0593b1,substantive,,819,819,819,485,134,0.124091304130897,0.11194124939568485,0.13668934748226796,0.8803815971687952,True
BSD017,p158,sub-BSD017/sub-BSD017_ses-p158.nwb,e472d0232466419c0e22cd09309f5280e66f141860568f96201072c586e8f5dd,behavior_only,one or both photometry channels are absent,736,734,0,0,0,nan,nan,nan,nan,False
BSD017,p159,sub-BSD017/sub-BSD017_ses-p159.nwb,bf95c62c1fb908b3e05a1afa3ec9c45eebfa5ec2a318df9261a84ef14424f94d,substantive,,854,851,851,469,139,0.6067600164081031,0.4754252770111182,0.7381730183964902,0.7178751668175055,True
BSD017,p160,sub-BSD017/sub-BSD017_ses-p160.nwb,984697943743ed25a376a4f6ca2c036441c01328cf9f36480121cdcec038bd91,substantive,,844,844,844,443,144,0.8921736753476043,0.7334368053770329,1.0475283218018858,0.75590983195385,True
BSD017,p161,sub-BSD017/sub-BSD017_ses-p161.nwb,1b3afc373343f4e22fcdfb454082da73cd803da996910c69f58d493e128d8203,behavior_only,one or both photometry channels are absent,731,728,0,0,0,nan,nan,nan,nan,False
BSD017,p162,sub-BSD017/sub-BSD017_ses-p162.nwb,6e0cfa47f5cee6fda640a1d5bebce1cd3a3084d6a579c230dd18ccb5e89622ee,substantive,,959,958,958,506,173,0.49198556444642794,0.3639482496877845,0.6197865795691111,0.6544472114967215,True
BSD017,p163,sub-BSD017/sub-BSD017_ses-p163.nwb,ccd6cb1c619d2d1651296ac444ab8cbdb7215f82d221d48955bcc6f4e52024ed,substantive,,956,955,955,532,188,0.8670128431380357,0.7299520453490436,1.0022341638128434,0.7633178691409375,True
BSD017,p164,sub-BSD017/sub-BSD017_ses-p164.nwb,c8935d7d461dd24ffd394dae5504b4c08b2715df86291f4f67ffaa36dcf97f13,behavior_only,one or both photometry channels are absent,651,650,0,0,0,nan,nan,nan,nan,False
BSD017,p167,sub-BSD017/sub-BSD017_ses-p167.nwb,2bdc1aeac53009129da37164f13ea132aca7a425e691810838d0b7368ef4cf7f,behavior_only,one or both photometry channels are absent,723,722,0,0,0,nan,nan,nan,nan,False
BSD019,p139,sub-BSD019/sub-BSD019_ses-p139.nwb,8dd9176bd02610aefbf4130f17dfa652faa10eb66c365ec98dc303799979ebba,substantive,,600,592,592,281,97,2.485950705238153,2.2723666792268578,2.6978888661595883,0.9343654840958286,True
BSD019,p140,sub-BSD019/sub-BSD019_ses-p140.nwb,e9d6b3b42622178572f0e1ce29ffa6bafeb1ad1a7fe135ac166e17d4084da54b,substantive,,1185,1182,1182,649,203,1.4654367648180036,1.3734543022872168,1.5593585804489187,0.9219564771873363,True
BSD019,p141,sub-BSD019/sub-BSD019_ses-p141.nwb,08b6daf08bd449b624dc215b27a610f94e7a6606049f1d5f67c9d35acea190b2,behavior_only,one or both photometry channels are absent,788,788,0,0,0,nan,nan,nan,nan,False
BSD019,p142,sub-BSD019/sub-BSD019_ses-p142.nwb,82504c1b60552b6a04d5c93dc47ed5efde773437d0b1140d4f2e803f126ad6b5,substantive,,997,995,995,570,191,1.8733858640262544,1.7585786075506409,1.986577029695444,0.9334435565353173,True
BSD019,p143,sub-BSD019/sub-BSD019_ses-p143.nwb,edf3ee3f6cbab2a81f440bc3f1ba73c6765c09d3e94e1cf63215b0e024524fba,substantive,,974,974,974,575,172,1.068897814336015,1.0078146502571799,1.1299420763996295,0.9553185035389282,True
BSD019,p144,sub-BSD019/sub-BSD019_ses-p144.nwb,cd0d17c2a410f1ff133414837cb1607271ce50cf2e1d8a165ea1b3e1c6dd5ca4,behavior_only,one or both photometry channels are absent,786,785,0,0,0,nan,nan,nan,nan,False
BSD019,p145,sub-BSD019/sub-BSD019_ses-p145.nwb,ede150aeca76633a0599e286fcb4d43d7e681928c40b8c016e05517abfa49244,substantive,,983,980,980,612,167,1.941166010936352,1.8223048555278718,2.0562074310886147,0.9449043090290008,True
BSD019,p146,sub-BSD019/sub-BSD019_ses-p146.nwb,2324bc357db95b5dcbe86c2b6346a2b83191284fd98c5e79006533b05321a892,substantive,,1078,1076,1076,652,188,0.8769808176974239,0.8141752589707321,0.9399400524979852,0.9073309620154026,True
BSD019,p147,sub-BSD019/sub-BSD019_ses-p147.nwb,0dc987e026c65bd9ae7d9d3b6fe2e2357fbc9faa5f7a595eec3a87ca9827a85f,behavior_only,one or both photometry channels are absent,851,850,0,0,0,nan,nan,nan,nan,False
BSD019,p148,sub-BSD019/sub-BSD019_ses-p148.nwb,3b1b1442aed811a1f6986c027d7128b41f9c804ec4ad7fe4c19678d245564120,substantive,,1080,1079,1070,625,195,1.9218110972288192,1.8110630349244758,2.0316327328502197,0.9379282051282052,True
BSD019,p150,sub-BSD019/sub-BSD019_ses-p150.nwb,bd892e5f7dca8ea7465761e72ff90393714f7e917fe781009172699148649ada,substantive,,1034,1032,1032,620,188,0.7425838618445808,0.6902887523855704,0.7939494535188997,0.9292210020590254,True
BSD019,p151,sub-BSD019/sub-BSD019_ses-p151.nwb,3ecff483503f2a9c5ef9f50bcfbd6b6f35a189bb5d3c48ec0b3ff5b96bf1d432,behavior_only,one or both photometry channels are absent,1081,1081,0,0,0,nan,nan,nan,nan,False
BSD019,p152,sub-BSD019/sub-BSD019_ses-p152.nwb,bd7d582ef7df6d443111b2c5f30254159af37dbf2fcbb1718f3853160ee58625,substantive,,974,973,973,549,184,2.025765740425003,1.9103896323950444,2.1371572915018895,0.9595905599113012,True
BSD019,p153,sub-BSD019/sub-BSD019_ses-p153.nwb,ec055e28cc560d2a952c367bf401ccdae2f6bca8bbf200ea770b66cec1386b16,substantive,,744,741,741,456,127,1.7182280663975769,1.569873402211488,1.862934596965676,0.9132822213012847,True
