subject,group,day,path,asset_id,n_trials,mean_anticipatory_licks
HJ-FP-WT-stGtACR-F1,control,2,sub-HJ-FP-WT-stGtACR-F1/sub-HJ-FP-WT-stGtACR-F1_ses-Day2-Pavlovian.nwb,7716bf92-62a7-41e8-b3e2-0babceaec240,50,1.56
HJ-FP-WT-stGtACR-F1,control,3,sub-HJ-FP-WT-stGtACR-F1/sub-HJ-FP-WT-stGtACR-F1_ses-Day3-Pavlovian.nwb,63df3430-87ae-429b-b531-e84a93fe0da1,50,7.32
HJ-FP-WT-stGtACR-F1,control,4,sub-HJ-FP-WT-stGtACR-F1/sub-HJ-FP-WT-stGtACR-F1_ses-Day4-Pavlovian.nwb,fff03f72-75a8-436e-864d-ab233883920f,50,11.04
HJ-FP-WT-stGtACR-F1,control,5,sub-HJ-FP-WT-stGtACR-F1/sub-HJ-FP-WT-stGtACR-F1_ses-Day5-Pavlovian.nwb,6b4772dc-7f21-4457-afe4-afb88ba47866,50,15.96
HJ-FP-WT-stGtACR-F1,control,6,sub-HJ-FP-WT-stGtACR-F1/sub-HJ-FP-WT-stGtACR-F1_ses-Day6-Pavlovian.nwb,c03f5110-35f2-45d3-ad36-4ba7a153d255,50,8.08
HJ-FP-WT-stGtACR-F2,control,2,sub-HJ-FP-WT-stGtACR-F2/sub-HJ-FP-WT-stGtACR-F2_ses-Day2-Pavlovian.nwb,6dfe5bdf-8c78-4d5f-bc2d-ca5483b596a5,50,0.28
HJ-FP-WT-stGtACR-F2,control,3,sub-HJ-FP-WT-stGtACR-F2/sub-HJ-FP-WT-stGtACR-F2_ses-Day3-Pavlovian.nwb,2f4b691e-4712-4c53-bf00-0e87d0ab68e7,50,0.44
HJ-FP-WT-stGtACR-F2,control,4,sub-HJ-FP-WT-stGtACR-F2/sub-HJ-FP-WT-stGtACR-F2_ses-Day4-Pavlovian.nwb,c7c7d83f-9247-4292-a4ce-508eabb5486d,50,1.62
HJ-FP-WT-stGtACR-F2,control,5,sub-HJ-FP-WT-stGtACR-F2/sub-HJ-FP-WT-stGtACR-F2_ses-Day5-Pavlovian.nwb,37dea902-894a-4e4c-88ee-55804848f2ba,50,7.36
HJ-FP-WT-stGtACR-F2,control,6,sub-HJ-FP-WT-stGtACR-F2/sub-HJ-FP-WT-stGtACR-F2_ses-Day6-Pavlovian.nwb,b0a22451-5025-4233-b630-19fa72f770e9,50,0.76
HJ-FP-WT-stGtACR-F3,control,2,sub-HJ-FP-WT-stGtACR-F3/sub-HJ-FP-WT-stGtACR-F3_ses-Day2-Pavlovian.nwb,47db8dec-128d-4cb1-874d-031f8371e1fb,50,1.18
HJ-FP-WT-stGtACR-F3,control,3,sub-HJ-FP-WT-stGtACR-F3/sub-HJ-FP-WT-stGtACR-F3_ses-Day3-Pavlovian.nwb,49014ed5-f9f2-4b02-8bec-aec966748844,50,5.62
HJ-FP-WT-stGtACR-F3,control,4,sub-HJ-FP-WT-stGtACR-F3/sub-HJ-FP-WT-stGtACR-F3_ses-Day4-Pavlovian.nwb,8bf23d84-2c87-432f-a661-efbc8e7232ad,50,6.56
HJ-FP-WT-stGtACR-F3,control,5,sub-HJ-FP-WT-stGtACR-F3/sub-HJ-FP-WT-stGtACR-F3_ses-Day5-Pavlovian.nwb,cef84dd6-21dd-4574-8c0b-aefee1dfc3f0,50,6.46
HJ-FP-WT-stGtACR-F3,control,6,sub-HJ-FP-WT-stGtACR-F3/sub-HJ-FP-WT-stGtACR-F3_ses-Day6-Pavlovian.nwb,d07a911e-3157-4156-b389-a392e767d36f,50,5.54
HJ-FP-WT-stGtACR-F3,control,7,sub-HJ-FP-WT-stGtACR-F3/sub-HJ-FP-WT-stGtACR-F3_ses-Day7-Pavlovian.nwb,2ccebdbd-ef7e-4cbe-8fd1-180ae7ff0c49,50,5.88
HJ-FP-WT-stGtACR-M1,control,2,sub-HJ-FP-WT-stGtACR-M1/sub-HJ-FP-WT-stGtACR-M1_ses-Day2-Pavlovian.nwb,927c780b-1692-4a9f-bcc4-1c7c2f9c829a,50,0.54
HJ-FP-WT-stGtACR-M1,control,3,sub-HJ-FP-WT-stGtACR-M1/sub-HJ-FP-WT-stGtACR-M1_ses-Day3-Pavlovian.nwb,236710b1-53fc-443f-9b92-804077107bd0,50,1.58
HJ-FP-WT-stGtACR-M1,control,4,sub-HJ-FP-WT-stGtACR-M1/sub-HJ-FP-WT-stGtACR-M1_ses-Day4-Pavlovian.nwb,39855f2d-51ef-4d94-a833-50cb8d5b2c0d,50,7.24
HJ-FP-WT-stGtACR-M1,control,5,sub-HJ-FP-WT-stGtACR-M1/sub-HJ-FP-WT-stGtACR-M1_ses-Day5-Pavlovian.nwb,ea14a194-856f-4d79-b8eb-ea87cd352a57,50,5.64
HJ-FP-WT-stGtACR-M1,control,6,sub-HJ-FP-WT-stGtACR-M1/sub-HJ-FP-WT-stGtACR-M1_ses-Day6-Pavlovian.nwb,52f19b59-ca7c-4686-8840-90563722aaf2,50,9.06
HJ-FP-WT-stGtACR-M2,control,2,sub-HJ-FP-WT-stGtACR-M2/sub-HJ-FP-WT-stGtACR-M2_ses-Day2-Pavlovian.nwb,4edefd32-5656-4bcb-ba3a-701bdb77680f,50,-0.18
HJ-FP-WT-stGtACR-M2,control,3,sub-HJ-FP-WT-stGtACR-M2/sub-HJ-FP-WT-stGtACR-M2_ses-Day3-Pavlovian.nwb,c3cad12b-fc2e-408c-9048-f3413c4d5f6c,49,2.3469387755102042
HJ-FP-WT-stGtACR-M2,control,4,sub-HJ-FP-WT-stGtACR-M2/sub-HJ-FP-WT-stGtACR-M2_ses-Day4-Pavlovian.nwb,ea7c7c13-6c9d-45d3-8f90-e9fba6ad17ed,50,4.84
HJ-FP-WT-stGtACR-M2,control,5,sub-HJ-FP-WT-stGtACR-M2/sub-HJ-FP-WT-stGtACR-M2_ses-Day5-Pavlovian.nwb,ea1e90b6-088a-48b3-9c3a-766d5982349d,50,1.44
HJ-FP-WT-stGtACR-M2,control,6,sub-HJ-FP-WT-stGtACR-M2/sub-HJ-FP-WT-stGtACR-M2_ses-Day6-Pavlovian.nwb,9a203e4f-d99a-4ad9-a3ba-969e8df7f6c8,50,8.06
HJ-FP-WT-stGtACR-M3,control,2,sub-HJ-FP-WT-stGtACR-M3/sub-HJ-FP-WT-stGtACR-M3_ses-Day2-Pavlovian.nwb,5a36532b-59ea-4598-b7fa-d3b0836f6de6,50,0.24
HJ-FP-WT-stGtACR-M3,control,3,sub-HJ-FP-WT-stGtACR-M3/sub-HJ-FP-WT-stGtACR-M3_ses-Day3-Pavlovian.nwb,ad9d4d03-1adf-4a12-87df-bf09033733ea,50,1.58
HJ-FP-WT-stGtACR-M3,control,4,sub-HJ-FP-WT-stGtACR-M3/sub-HJ-FP-WT-stGtACR-M3_ses-Day4-Pavlovian.nwb,4f5b55cf-2709-4c03-b05c-98e1fdb8bc6a,50,5.6
HJ-FP-WT-stGtACR-M3,control,5,sub-HJ-FP-WT-stGtACR-M3/sub-HJ-FP-WT-stGtACR-M3_ses-Day5-Pavlovian.nwb,19805e2c-244e-4150-93b4-9aba1ecf6af6,50,2.96
HJ-FP-WT-stGtACR-M3,control,6,sub-HJ-FP-WT-stGtACR-M3/sub-HJ-FP-WT-stGtACR-M3_ses-Day6-Pavlovian.nwb,621d231c-e18c-4573-a799-9c706bdbb7c0,25,11.16
HJ-FP-datHT-stGtACR-M2,inhibited,3,sub-HJ-FP-datHT-stGtACR-M2/sub-HJ-FP-datHT-stGtACR-M2_ses-Day3-Pavlovian.nwb,1834a299-a680-430e-ab75-9feebf57b955,50,-0.04
HJ-FP-datHT-stGtACR-M2,inhibited,4,sub-HJ-FP-datHT-stGtACR-M2/sub-HJ-FP-datHT-stGtACR-M2_ses-Day4-Pavlovian.nwb,28827295-3fa3-4f39-a2bf-77f69aba3b88,50,1.96
HJ-FP-datHT-stGtACR-M2,inhibited,5,sub-HJ-FP-datHT-stGtACR-M2/sub-HJ-FP-datHT-stGtACR-M2_ses-Day5-Pavlovian.nwb,7a0ef8a6-2627-41d4-a310-9e64df665592,50,1.52
HJ-FP-datHT-stGtACR-M2,inhibited,6,sub-HJ-FP-datHT-stGtACR-M2/sub-HJ-FP-datHT-stGtACR-M2_ses-Day6-Pavlovian.nwb,6f2ade36-f316-4556-99b4-6e72db92e99b,50,5.26
HJ-FP-datHT-stGtACR-M2,inhibited,7,sub-HJ-FP-datHT-stGtACR-M2/sub-HJ-FP-datHT-stGtACR-M2_ses-Day7-Pavlovian.nwb,24f641b2-486c-40d0-99a3-88bb99a40511,50,10.78
HJ-FP-datHT-stGtACR-M3,inhibited,2,sub-HJ-FP-datHT-stGtACR-M3/sub-HJ-FP-datHT-stGtACR-M3_ses-Day2-Pavlovian.nwb,cdd30245-51c2-4e7f-81e7-3db9fc1692f3,50,-0.16
HJ-FP-datHT-stGtACR-M3,inhibited,3,sub-HJ-FP-datHT-stGtACR-M3/sub-HJ-FP-datHT-stGtACR-M3_ses-Day3-Pavlovian.nwb,fc3915ad-e3d3-4462-b73a-75007df2283e,14,0.6428571428571429
HJ-FP-datHT-stGtACR-M3,inhibited,4,sub-HJ-FP-datHT-stGtACR-M3/sub-HJ-FP-datHT-stGtACR-M3_ses-Day4-Pavlovian.nwb,ededc2a9-eea5-4494-be5e-44fdc34dd04c,50,1.3
HJ-FP-datHT-stGtACR-M3,inhibited,5,sub-HJ-FP-datHT-stGtACR-M3/sub-HJ-FP-datHT-stGtACR-M3_ses-Day5-Pavlovian.nwb,17a1b912-833f-4ab2-97a9-a55d6e094ca8,50,1.4
HJ-FP-datHT-stGtACR-M3,inhibited,6,sub-HJ-FP-datHT-stGtACR-M3/sub-HJ-FP-datHT-stGtACR-M3_ses-Day6-Pavlovian.nwb,c48aa3e1-9942-4650-8b75-5734b1956122,50,3.04
HJ-FP-datHT-stGtACR-M3,inhibited,7,sub-HJ-FP-datHT-stGtACR-M3/sub-HJ-FP-datHT-stGtACR-M3_ses-Day7-Pavlovian.nwb,02ed76a3-d0bd-4ae5-8aac-bfc72765adc2,50,1.32
HJ-FP-datHT-stGtACR-M4,inhibited,2,sub-HJ-FP-datHT-stGtACR-M4/sub-HJ-FP-datHT-stGtACR-M4_ses-Day2-Pavlovian.nwb,a8f69882-9414-44df-a8bf-be54a8d30883,50,0.24
HJ-FP-datHT-stGtACR-M4,inhibited,3,sub-HJ-FP-datHT-stGtACR-M4/sub-HJ-FP-datHT-stGtACR-M4_ses-Day3-Pavlovian.nwb,929397f2-25eb-4a88-bf2d-c2a027effefc,50,0.96
HJ-FP-datHT-stGtACR-M4,inhibited,4,sub-HJ-FP-datHT-stGtACR-M4/sub-HJ-FP-datHT-stGtACR-M4_ses-Day4-Pavlovian.nwb,82836203-05e9-4083-93f9-1ff222cfde4d,50,1.6
HJ-FP-datHT-stGtACR-M4,inhibited,5,sub-HJ-FP-datHT-stGtACR-M4/sub-HJ-FP-datHT-stGtACR-M4_ses-Day5-Pavlovian.nwb,35565408-808e-430a-96b0-9ca353bca600,50,5.24
HJ-FP-datHT-stGtACR-M4,inhibited,6,sub-HJ-FP-datHT-stGtACR-M4/sub-HJ-FP-datHT-stGtACR-M4_ses-Day6-Pavlovian.nwb,89674ca0-e7b1-4168-8d46-f2e3bb9550e3,50,7.64
HJ-FP-datHT-stGtACR-M4,inhibited,7,sub-HJ-FP-datHT-stGtACR-M4/sub-HJ-FP-datHT-stGtACR-M4_ses-Day7-Pavlovian.nwb,ccabdc00-d48b-408b-9da3-cf4ed99438b5,50,9.14
HJ-FP-datHT-stGtACR-M5,inhibited,3,sub-HJ-FP-datHT-stGtACR-M5/sub-HJ-FP-datHT-stGtACR-M5_ses-Day3-Pavlovian.nwb,fb35996b-5f9c-4f00-80d5-e109ff1144fc,50,0.18
HJ-FP-datHT-stGtACR-M5,inhibited,4,sub-HJ-FP-datHT-stGtACR-M5/sub-HJ-FP-datHT-stGtACR-M5_ses-Day4-Pavlovian.nwb,a7e473ed-ba49-49c4-831d-aad448b4d4ca,50,0.62
HJ-FP-datHT-stGtACR-M5,inhibited,5,sub-HJ-FP-datHT-stGtACR-M5/sub-HJ-FP-datHT-stGtACR-M5_ses-Day5-Pavlovian.nwb,2e92ded5-f1e8-409a-a869-322b30dd3d58,50,0.76
HJ-FP-datHT-stGtACR-M5,inhibited,6,sub-HJ-FP-datHT-stGtACR-M5/sub-HJ-FP-datHT-stGtACR-M5_ses-Day6-Pavlovian.nwb,3b5c0a3d-7bba-4cce-a9c1-556768b2b6c2,50,-0.04
HJ-FP-datHT-stGtACR-M5,inhibited,7,sub-HJ-FP-datHT-stGtACR-M5/sub-HJ-FP-datHT-stGtACR-M5_ses-Day7-Pavlovian.nwb,bb5006da-0f31-49da-b3aa-9aa9cc3c1191,50,3.48
HJ-FP-datHT-stGtACR-M5,inhibited,8,sub-HJ-FP-datHT-stGtACR-M5/sub-HJ-FP-datHT-stGtACR-M5_ses-Day8-Pavlovian.nwb,617cee86-f91f-4836-8519-0a4768632dcc,50,0.16
HJ-FP-datHT-stGtACR-M5,inhibited,9,sub-HJ-FP-datHT-stGtACR-M5/sub-HJ-FP-datHT-stGtACR-M5_ses-Day9-Pavlovian.nwb,c32eaaa2-91d4-4e0f-be63-19375676cbc7,50,5.82
HJ-FP-datHT-stGtACR-M5,inhibited,10,sub-HJ-FP-datHT-stGtACR-M5/sub-HJ-FP-datHT-stGtACR-M5_ses-Day10-Pavlovian.nwb,52e0c047-bb65-451d-be1a-40feae355af1,50,4.04
HJ-FP-datHT-stGtACR-M6,inhibited,2,sub-HJ-FP-datHT-stGtACR-M6/sub-HJ-FP-datHT-stGtACR-M6_ses-Day2.nwb,657369eb-a0f0-469a-abfc-0ba3ff66a448,50,0.86
HJ-FP-datHT-stGtACR-M6,inhibited,3,sub-HJ-FP-datHT-stGtACR-M6/sub-HJ-FP-datHT-stGtACR-M6_ses-Day3.nwb,003940ae-d98a-4e75-9790-cb137c656e51,50,1.38
HJ-FP-datHT-stGtACR-M6,inhibited,4,sub-HJ-FP-datHT-stGtACR-M6/sub-HJ-FP-datHT-stGtACR-M6_ses-Day4.nwb,5244befc-9345-499d-97d3-61bb1de298c6,50,3.0
HJ-FP-datHT-stGtACR-M6,inhibited,5,sub-HJ-FP-datHT-stGtACR-M6/sub-HJ-FP-datHT-stGtACR-M6_ses-Day5.nwb,12c7a52a-f04d-402f-b3dc-7538ea5ee83a,50,3.54
HJ-FP-datHT-stGtACR-M6,inhibited,6,sub-HJ-FP-datHT-stGtACR-M6/sub-HJ-FP-datHT-stGtACR-M6_ses-Day6.nwb,57904cbb-e701-441f-af43-0cd48db80b3f,50,5.2
HJ-FP-datHT-stGtACR-M6,inhibited,7,sub-HJ-FP-datHT-stGtACR-M6/sub-HJ-FP-datHT-stGtACR-M6_ses-Day7.nwb,8a4f3afd-b6fa-4ec9-a125-4c4bb7561fd0,50,8.18
HJ-FP-datHT-stGtACR-M6,inhibited,8,sub-HJ-FP-datHT-stGtACR-M6/sub-HJ-FP-datHT-stGtACR-M6_ses-Day8.nwb,eff7c428-58ec-4898-a5cc-db08fa514c58,50,3.24
HJ-FP-datHT-stGtACR-M7,inhibited,2,sub-HJ-FP-datHT-stGtACR-M7/sub-HJ-FP-datHT-stGtACR-M7_ses-Day2.nwb,dbb4067d-c64e-4520-bc5a-5866aa51a80a,50,2.94
HJ-FP-datHT-stGtACR-M7,inhibited,3,sub-HJ-FP-datHT-stGtACR-M7/sub-HJ-FP-datHT-stGtACR-M7_ses-Day3.nwb,9b052387-6a4e-4b04-b475-f27d1d1829dd,50,3.68
HJ-FP-datHT-stGtACR-M7,inhibited,4,sub-HJ-FP-datHT-stGtACR-M7/sub-HJ-FP-datHT-stGtACR-M7_ses-Day4.nwb,d718b4c6-9b13-4699-a7af-7f1fbb3c9590,50,1.26
HJ-FP-datHT-stGtACR-M7,inhibited,5,sub-HJ-FP-datHT-stGtACR-M7/sub-HJ-FP-datHT-stGtACR-M7_ses-Day5.nwb,c5e8287f-5322-4b76-9be9-4aa512861146,50,1.72
HJ-FP-datHT-stGtACR-M7,inhibited,6,sub-HJ-FP-datHT-stGtACR-M7/sub-HJ-FP-datHT-stGtACR-M7_ses-Day6.nwb,06b969e9-73d4-4fa3-b1b1-a55796380405,50,0.8
HJ-FP-datHT-stGtACR-M7,inhibited,7,sub-HJ-FP-datHT-stGtACR-M7/sub-HJ-FP-datHT-stGtACR-M7_ses-Day7.nwb,f196bfff-03ca-4cc5-a091-b5026cb81a44,50,0.54
HJ-FP-datHT-stGtACR-M7,inhibited,8,sub-HJ-FP-datHT-stGtACR-M7/sub-HJ-FP-datHT-stGtACR-M7_ses-Day8.nwb,273d1019-7980-4822-a52b-6bc5e37b3207,50,1.32
HJ-FP-datHT-stGtACR-M7,inhibited,9,sub-HJ-FP-datHT-stGtACR-M7/sub-HJ-FP-datHT-stGtACR-M7_ses-Day9.nwb,f94c8234-2e36-4f08-8dfe-1410ab9ed062,50,0.62
HJ-FP-datHT-stGtACR-M7,inhibited,10,sub-HJ-FP-datHT-stGtACR-M7/sub-HJ-FP-datHT-stGtACR-M7_ses-Day10.nwb,92e329ba-e2f9-46a5-ac28-e9125eda6bfd,50,0.82
HJ-FP-datHT-stGtACR-M7,inhibited,11,sub-HJ-FP-datHT-stGtACR-M7/sub-HJ-FP-datHT-stGtACR-M7_ses-Day11.nwb,889117d0-5631-4970-b034-31c7533b0418,50,3.98
HJ-FP-datHT-stGtACR-M7,inhibited,12,sub-HJ-FP-datHT-stGtACR-M7/sub-HJ-FP-datHT-stGtACR-M7_ses-Day12.nwb,8f3d5e29-abfe-4602-b8bd-cdfd472cfe5b,50,6.3
HJ-FP-datHT-stGtACR-M7,inhibited,13,sub-HJ-FP-datHT-stGtACR-M7/sub-HJ-FP-datHT-stGtACR-M7_ses-Day13.nwb,2a80c3fd-a98f-4100-91eb-dfbbf9366403,50,0.52
HJ-FP-datWT-stGtACR-F1,control,2,sub-HJ-FP-datWT-stGtACR-F1/sub-HJ-FP-datWT-stGtACR-F1_ses-Day2-Pavlovian.nwb,4f17d0d8-4a79-4087-9254-c1ae8544b74c,50,3.66
HJ-FP-datWT-stGtACR-F1,control,3,sub-HJ-FP-datWT-stGtACR-F1/sub-HJ-FP-datWT-stGtACR-F1_ses-Day3-Pavlovian.nwb,77762029-19af-4798-99a2-da050d941749,50,8.02
HJ-FP-datWT-stGtACR-F1,control,4,sub-HJ-FP-datWT-stGtACR-F1/sub-HJ-FP-datWT-stGtACR-F1_ses-Day4-Pavlovian.nwb,d12032d0-923b-445c-85ee-46a2bb599f54,50,13.36
HJ-FP-datWT-stGtACR-F1,control,5,sub-HJ-FP-datWT-stGtACR-F1/sub-HJ-FP-datWT-stGtACR-F1_ses-Day5-Pavlovian.nwb,c24bfbc3-5be4-4141-ba9d-8d55c24d15c7,50,9.58
HJ-FP-datWT-stGtACR-F1,control,6,sub-HJ-FP-datWT-stGtACR-F1/sub-HJ-FP-datWT-stGtACR-F1_ses-Day6-Pavlovian.nwb,bbd74a1b-88cb-4bb0-9252-9f19419b3870,50,6.54
HJ-FP-datWT-stGtACR-F1,control,7,sub-HJ-FP-datWT-stGtACR-F1/sub-HJ-FP-datWT-stGtACR-F1_ses-Day7-Pavlovian.nwb,7d772912-8e32-4b22-b8b9-8d6c8d712401,50,7.86
HJ-FP-datWT-stGtACR-F1,control,8,sub-HJ-FP-datWT-stGtACR-F1/sub-HJ-FP-datWT-stGtACR-F1_ses-Day8-Pavlovian.nwb,4c8b4024-d4db-4088-878d-b1fd350267f3,50,7.76
