cascade_depth,drive_amplitude,duration_s,linear_finite_pulse_peak_s,linear_impulse_peak_s,linear_numerical_peak_s,linear_peak_relative_error,physical_numerical_peak_s,physical_peak_occupancy_fraction,physical_peak_relative_departure,physical_small_signal_peak_s,rho_alpha_tau_leak,tau_leak_s,tau_r_s,v_max,v_max_shape_invariance,voltage_v
2,1.0,0.05,0.9696845969716276,0.9444640236121945,0.96,0.009987368059545415,1.02,0.0028784754897261343,0.020000000000000018,1.0,0.0588015795195699,1.0,34.01269177360066,0.5,True,0.5
2,1.0,0.05,0.9696845969716276,0.9444640236121945,0.96,0.009987368059545415,1.02,0.0028784754897261343,0.020000000000000018,1.0,0.0588015795195699,1.0,34.01269177360066,1.0,True,0.5
2,1.0,0.05,0.9696845969716276,0.9444640236121945,0.96,0.009987368059545415,1.02,0.0028784754897261343,0.020000000000000018,1.0,0.0588015795195699,1.0,34.01269177360066,2.0,True,0.5
2,1.0,0.3,1.102391713921262,0.9444640236121945,1.09,0.011240753867047844,1.1500000000000001,0.015181714826392209,0.15000000000000013,1.0,0.0588015795195699,1.0,34.01269177360066,0.5,True,0.5
2,1.0,0.3,1.102391713921262,0.9444640236121945,1.09,0.011240753867047844,1.1500000000000001,0.015181714826392209,0.15000000000000013,1.0,0.0588015795195699,1.0,34.01269177360066,1.0,True,0.5
2,1.0,0.3,1.102391713921262,0.9444640236121945,1.09,0.011240753867047844,1.1500000000000001,0.015181714826392209,0.15000000000000013,1.0,0.0588015795195699,1.0,34.01269177360066,2.0,True,0.5
3,1.0,0.05,1.8630067967912052,1.837893443775967,1.85,0.006981615318638483,2.02,0.004315175244783855,0.010000000000000009,2.0,0.08820236927935485,1.0,34.01269177360066,0.5,True,0.5
3,1.0,0.05,1.8630067967912052,1.837893443775967,1.85,0.006981615318638483,2.02,0.004315175244783855,0.010000000000000009,2.0,0.08820236927935485,1.0,34.01269177360066,1.0,True,0.5
3,1.0,0.05,1.8630067967912052,1.837893443775967,1.85,0.006981615318638483,2.02,0.004315175244783855,0.010000000000000009,2.0,0.08820236927935485,1.0,34.01269177360066,2.0,True,0.5
3,1.0,0.3,1.9919723916704697,1.837893443775967,1.98,0.006010320083015633,2.14,0.022680087876503725,0.07000000000000006,2.0,0.08820236927935485,1.0,34.01269177360066,0.5,True,0.5
3,1.0,0.3,1.9919723916704697,1.837893443775967,1.98,0.006010320083015633,2.14,0.022680087876503725,0.07000000000000006,2.0,0.08820236927935485,1.0,34.01269177360066,1.0,True,0.5
3,1.0,0.3,1.9919723916704697,1.837893443775967,1.98,0.006010320083015633,2.14,0.022680087876503725,0.07000000000000006,2.0,0.08820236927935485,1.0,34.01269177360066,2.0,True,0.5
4,1.0,0.05,2.709393573785047,2.684315962903373,2.7,0.0034670392208555685,3.02,0.005750185006734049,0.006666666666666672,3.0,0.1176031590391398,1.0,34.01269177360066,0.5,True,0.5
4,1.0,0.05,2.709393573785047,2.684315962903373,2.7,0.0034670392208555685,3.02,0.005750185006734049,0.006666666666666672,3.0,0.1176031590391398,1.0,34.01269177360066,1.0,True,0.5
4,1.0,0.05,2.709393573785047,2.684315962903373,2.7,0.0034670392208555685,3.02,0.005750185006734049,0.006666666666666672,3.0,0.1176031590391398,1.0,34.01269177360066,2.0,True,0.5
4,1.0,0.3,2.8371093893374337,2.684315962903373,2.83,0.0025058566173558625,3.14,0.03011746735655033,0.04666666666666671,3.0,0.1176031590391398,1.0,34.01269177360066,0.5,True,0.5
4,1.0,0.3,2.8371093893374337,2.684315962903373,2.83,0.0025058566173558625,3.14,0.03011746735655033,0.04666666666666671,3.0,0.1176031590391398,1.0,34.01269177360066,1.0,True,0.5
4,1.0,0.3,2.8371093893374337,2.684315962903373,2.83,0.0025058566173558625,3.14,0.03011746735655033,0.04666666666666671,3.0,0.1176031590391398,1.0,34.01269177360066,2.0,True,0.5
2,1.0,0.05,1.8146603907500019,1.7895439752689153,1.8,0.008078861931814495,2.02,0.0029074036613658235,0.010000000000000009,2.0,0.1176031590391398,2.0,34.01269177360066,0.5,True,0.5
2,1.0,0.05,1.8146603907500019,1.7895439752689153,1.8,0.008078861931814495,2.02,0.0029074036613658235,0.010000000000000009,2.0,0.1176031590391398,2.0,34.01269177360066,1.0,True,0.5
2,1.0,0.05,1.8146603907500019,1.7895439752689153,1.8,0.008078861931814495,2.02,0.0029074036613658235,0.010000000000000009,2.0,0.1176031590391398,2.0,34.01269177360066,2.0,True,0.5
2,1.0,0.3,1.9437330254048597,1.7895439752689153,1.93,0.007065283773731898,2.14,0.016282947791364685,0.07000000000000006,2.0,0.1176031590391398,2.0,34.01269177360066,0.5,True,0.5
2,1.0,0.3,1.9437330254048597,1.7895439752689153,1.93,0.007065283773731898,2.14,0.016282947791364685,0.07000000000000006,2.0,0.1176031590391398,2.0,34.01269177360066,1.0,True,0.5
2,1.0,0.3,1.9437330254048597,1.7895439752689153,1.93,0.007065283773731898,2.14,0.016282947791364685,0.07000000000000006,2.0,0.1176031590391398,2.0,34.01269177360066,2.0,True,0.5
3,1.0,0.05,3.4252515870770397,3.400190316217751,3.42,0.0015331974728084838,4.01,0.004358541889290727,0.0024999999999999467,4.0,0.1764047385587097,2.0,34.01269177360066,0.5,True,0.5
3,1.0,0.05,3.4252515870770397,3.400190316217751,3.42,0.0015331974728084838,4.01,0.004358541889290727,0.0024999999999999467,4.0,0.1764047385587097,2.0,34.01269177360066,1.0,True,0.5
3,1.0,0.05,3.4252515870770397,3.400190316217751,3.42,0.0015331974728084838,4.01,0.004358541889290727,0.0024999999999999467,4.0,0.1764047385587097,2.0,34.01269177360066,2.0,True,0.5
3,1.0,0.3,3.552395788973233,3.400190316217751,3.54,0.003489416638683704,4.14,0.024323018547486686,0.03499999999999992,4.0,0.1764047385587097,2.0,34.01269177360066,0.5,True,0.5
3,1.0,0.3,3.552395788973233,3.400190316217751,3.54,0.003489416638683704,4.14,0.024323018547486686,0.03499999999999992,4.0,0.1764047385587097,2.0,34.01269177360066,1.0,True,0.5
3,1.0,0.3,3.552395788973233,3.400190316217751,3.54,0.003489416638683704,4.14,0.024323018547486686,0.03499999999999992,4.0,0.1764047385587097,2.0,34.01269177360066,2.0,True,0.5
4,1.0,0.05,4.882530996229702,4.857488107197131,4.87,0.0025664959913984514,6.01,0.005807973063952617,0.0016666666666666312,6.0,0.2352063180782796,2.0,34.01269177360066,0.5,True,0.5
4,1.0,0.05,4.882530996229702,4.857488107197131,4.87,0.0025664959913984514,6.01,0.005807973063952617,0.0016666666666666312,6.0,0.2352063180782796,2.0,34.01269177360066,1.0,True,0.5
4,1.0,0.05,4.882530996229702,4.857488107197131,4.87,0.0025664959913984514,6.01,0.005807973063952617,0.0016666666666666312,6.0,0.2352063180782796,2.0,34.01269177360066,2.0,True,0.5
4,1.0,0.3,5.009032016947523,4.857488107197131,5.0,0.0018031461801330095,6.140000000000001,0.0322962201225274,0.023333333333333428,6.0,0.2352063180782796,2.0,34.01269177360066,0.5,True,0.5
4,1.0,0.3,5.009032016947523,4.857488107197131,5.0,0.0018031461801330095,6.140000000000001,0.0322962201225274,0.023333333333333428,6.0,0.2352063180782796,2.0,34.01269177360066,1.0,True,0.5
4,1.0,0.3,5.009032016947523,4.857488107197131,5.0,0.0018031461801330095,6.140000000000001,0.0322962201225274,0.023333333333333428,6.0,0.2352063180782796,2.0,34.01269177360066,2.0,True,0.5
2,1.0,0.05,3.8890179693690268,3.8639640525238086,3.88,0.0023188294423051995,5.01,0.0029249003676567837,0.0019999999999999575,5.0,0.2940078975978495,5.0,34.01269177360066,0.5,True,0.5
2,1.0,0.05,3.8890179693690268,3.8639640525238086,3.88,0.0023188294423051995,5.01,0.0029249003676567837,0.0019999999999999575,5.0,0.2940078975978495,5.0,34.01269177360066,1.0,True,0.5
2,1.0,0.05,3.8890179693690268,3.8639640525238086,3.88,0.0023188294423051995,5.01,0.0029249003676567837,0.0019999999999999575,5.0,0.2940078975978495,5.0,34.01269177360066,2.0,True,0.5
2,1.0,0.3,4.015904869389808,3.8639640525238086,4.01,0.0014703708334369695,5.14,0.016994207796439977,0.027999999999999935,5.0,0.2940078975978495,5.0,34.01269177360066,0.5,True,0.5
2,1.0,0.3,4.015904869389808,3.8639640525238086,4.01,0.0014703708334369695,5.14,0.016994207796439977,0.027999999999999935,5.0,0.2940078975978495,5.0,34.01269177360066,1.0,True,0.5
2,1.0,0.3,4.015904869389808,3.8639640525238086,4.01,0.0014703708334369695,5.14,0.016994207796439977,0.027999999999999935,5.0,0.2940078975978495,5.0,34.01269177360066,2.0,True,0.5
3,1.0,0.05,6.964598231409156,6.939568210354989,6.95,0.002096062245675655,10.01,0.004384771488077782,0.0009999999999999788,10.0,0.44101184639677427,5.0,34.01269177360066,0.5,True,0.5
3,1.0,0.05,6.964598231409156,6.939568210354989,6.95,0.002096062245675655,10.01,0.004384771488077782,0.0009999999999999788,10.0,0.44101184639677427,5.0,34.01269177360066,1.0,True,0.5
3,1.0,0.05,6.964598231409156,6.939568210354989,6.95,0.002096062245675655,10.01,0.004384771488077782,0.0009999999999999788,10.0,0.44101184639677427,5.0,34.01269177360066,2.0,True,0.5
3,1.0,0.3,7.090648935578094,6.939568210354989,7.08,0.0015018280660690584,10.13,0.025384109124028345,0.013000000000000077,10.0,0.44101184639677427,5.0,34.01269177360066,0.5,True,0.5
3,1.0,0.3,7.090648935578094,6.939568210354989,7.08,0.0015018280660690584,10.13,0.025384109124028345,0.013000000000000077,10.0,0.44101184639677427,5.0,34.01269177360066,1.0,True,0.5
3,1.0,0.3,7.090648935578094,6.939568210354989,7.08,0.0015018280660690584,10.13,0.025384109124028345,0.013000000000000077,10.0,0.44101184639677427,5.0,34.01269177360066,2.0,True,0.5
4,1.0,0.05,9.47077193141486,9.445749875649993,9.46,0.0011373868458524634,15.01,0.00584292525725323,0.0006666666666666524,15.0,0.588015795195699,5.0,34.01269177360066,0.5,True,0.5
4,1.0,0.05,9.47077193141486,9.445749875649993,9.46,0.0011373868458524634,15.01,0.00584292525725323,0.0006666666666666524,15.0,0.588015795195699,5.0,34.01269177360066,1.0,True,0.5
4,1.0,0.05,9.47077193141486,9.445749875649993,9.46,0.0011373868458524634,15.01,0.00584292525725323,0.0006666666666666524,15.0,0.588015795195699,5.0,34.01269177360066,2.0,True,0.5
4,1.0,0.3,9.596543870199321,9.445749875649993,9.59,0.0006818986384923718,15.13,0.03370332076894489,0.008666666666666718,15.0,0.588015795195699,5.0,34.01269177360066,0.5,True,0.5
4,1.0,0.3,9.596543870199321,9.445749875649993,9.59,0.0006818986384923718,15.13,0.03370332076894489,0.008666666666666718,15.0,0.588015795195699,5.0,34.01269177360066,1.0,True,0.5
4,1.0,0.3,9.596543870199321,9.445749875649993,9.59,0.0006818986384923718,15.13,0.03370332076894489,0.008666666666666718,15.0,0.588015795195699,5.0,34.01269177360066,2.0,True,0.5
2,1.0,0.05,6.322199667394217,6.297166583766662,6.3100000000000005,0.0019296555053669238,10.01,0.0029307560090503144,0.0009999999999999788,10.0,0.588015795195699,10.0,34.01269177360066,0.5,True,0.5
2,1.0,0.05,6.322199667394217,6.297166583766662,6.3100000000000005,0.0019296555053669238,10.01,0.0029307560090503144,0.0009999999999999788,10.0,0.588015795195699,10.0,34.01269177360066,1.0,True,0.5
2,1.0,0.05,6.322199667394217,6.297166583766662,6.3100000000000005,0.0019296555053669238,10.01,0.0029307560090503144,0.0009999999999999788,10.0,0.588015795195699,10.0,34.01269177360066,2.0,True,0.5
2,1.0,0.3,6.448357550563185,6.297166583766662,6.44,0.0012960743100318029,10.13,0.01724023665133718,0.013000000000000077,10.0,0.588015795195699,10.0,34.01269177360066,0.5,True,0.5
2,1.0,0.3,6.448357550563185,6.297166583766662,6.44,0.0012960743100318029,10.13,0.01724023665133718,0.013000000000000077,10.0,0.588015795195699,10.0,34.01269177360066,1.0,True,0.5
2,1.0,0.3,6.448357550563185,6.297166583766662,6.44,0.0012960743100318029,10.13,0.01724023665133718,0.013000000000000077,10.0,0.588015795195699,10.0,34.01269177360066,2.0,True,0.5
3,1.0,0.05,10.65187838231704,10.626858777911215,10.64,0.0011151443802398919,20.01,0.0043935497811013096,0.0005000000000000782,20.0,0.8820236927935485,10.0,34.01269177360066,0.5,True,0.5
3,1.0,0.05,10.65187838231704,10.626858777911215,10.64,0.0011151443802398919,20.01,0.0043935497811013096,0.0005000000000000782,20.0,0.8820236927935485,10.0,34.01269177360066,1.0,True,0.5
3,1.0,0.05,10.65187838231704,10.626858777911215,10.64,0.0011151443802398919,20.01,0.0043935497811013096,0.0005000000000000782,20.0,0.8820236927935485,10.0,34.01269177360066,2.0,True,0.5
3,1.0,0.3,10.777564527421893,10.626858777911215,10.77,0.0007018772564660942,20.1,0.025751139794664694,0.005000000000000071,20.0,0.8820236927935485,10.0,34.01269177360066,0.5,True,0.5
3,1.0,0.3,10.777564527421893,10.626858777911215,10.77,0.0007018772564660942,20.1,0.025751139794664694,0.005000000000000071,20.0,0.8820236927935485,10.0,34.01269177360066,1.0,True,0.5
3,1.0,0.3,10.777564527421893,10.626858777911215,10.77,0.0007018772564660942,20.1,0.025751139794664694,0.005000000000000071,20.0,0.8820236927935485,10.0,34.01269177360066,2.0,True,0.5
4,1.0,0.05,13.811579668786205,13.786564557458455,13.8,0.000838402924494883,30.0,0.005854622758906136,0.0,30.0,1.176031590391398,10.0,34.01269177360066,0.5,True,0.5
4,1.0,0.05,13.811579668786205,13.786564557458455,13.8,0.000838402924494883,30.0,0.005854622758906136,0.0,30.0,1.176031590391398,10.0,34.01269177360066,1.0,True,0.5
4,1.0,0.05,13.811579668786205,13.786564557458455,13.8,0.000838402924494883,30.0,0.005854622758906136,0.0,30.0,1.176031590391398,10.0,34.01269177360066,2.0,True,0.5
4,1.0,0.3,13.93710856106301,13.786564557458455,13.93,0.0005100456118186224,30.03,0.03419002742199917,0.001000000000000038,30.0,1.176031590391398,10.0,34.01269177360066,0.5,True,0.5
4,1.0,0.3,13.93710856106301,13.786564557458455,13.93,0.0005100456118186224,30.03,0.03419002742199917,0.001000000000000038,30.0,1.176031590391398,10.0,34.01269177360066,1.0,True,0.5
4,1.0,0.3,13.93710856106301,13.786564557458455,13.93,0.0005100456118186224,30.03,0.03419002742199917,0.001000000000000038,30.0,1.176031590391398,10.0,34.01269177360066,2.0,True,0.5
2,1.0,0.05,9.216065705289568,9.191043038305637,9.21,0.0006581664544866819,20.01,0.0029336882282664112,0.0005000000000000782,20.0,1.176031590391398,20.0,34.01269177360066,0.5,True,0.5
2,1.0,0.05,9.216065705289568,9.191043038305637,9.21,0.0006581664544866819,20.01,0.0029336882282664112,0.0005000000000000782,20.0,1.176031590391398,20.0,34.01269177360066,1.0,True,0.5
2,1.0,0.05,9.216065705289568,9.191043038305637,9.21,0.0006581664544866819,20.01,0.0029336882282664112,0.0005000000000000782,20.0,1.176031590391398,20.0,34.01269177360066,2.0,True,0.5
2,1.0,0.3,9.341859035662692,9.191043038305637,9.33,0.001269451360528959,20.1,0.01736497914827542,0.005000000000000071,20.0,1.176031590391398,20.0,34.01269177360066,0.5,True,0.5
2,1.0,0.3,9.341859035662692,9.191043038305637,9.33,0.001269451360528959,20.1,0.01736497914827542,0.005000000000000071,20.0,1.176031590391398,20.0,34.01269177360066,1.0,True,0.5
2,1.0,0.3,9.341859035662692,9.191043038305637,9.33,0.001269451360528959,20.1,0.01736497914827542,0.005000000000000071,20.0,1.176031590391398,20.0,34.01269177360066,2.0,True,0.5
3,1.0,0.05,14.496546327324088,14.471531931245746,14.49,0.0004515784088344566,39.980000000000004,0.0043979455224791375,0.0004999999999999005,40.0,1.764047385587097,20.0,34.01269177360066,0.5,True,0.5
3,1.0,0.05,14.496546327324088,14.471531931245746,14.49,0.0004515784088344566,39.980000000000004,0.0043979455224791375,0.0004999999999999005,40.0,1.764047385587097,20.0,34.01269177360066,1.0,True,0.5
3,1.0,0.05,14.496546327324088,14.471531931245746,14.49,0.0004515784088344566,39.980000000000004,0.0043979455224791375,0.0004999999999999005,40.0,1.764047385587097,20.0,34.01269177360066,2.0,True,0.5
3,1.0,0.3,14.622050186418376,14.471531931245746,14.61,0.0008241105908369092,39.910000000000004,0.02593723186387808,0.0022499999999999075,40.0,1.764047385587097,20.0,34.01269177360066,0.5,True,0.5
3,1.0,0.3,14.622050186418376,14.471531931245746,14.61,0.0008241105908369092,39.910000000000004,0.02593723186387808,0.0022499999999999075,40.0,1.764047385587097,20.0,34.01269177360066,1.0,True,0.5
3,1.0,0.3,14.622050186418376,14.471531931245746,14.61,0.0008241105908369092,39.910000000000004,0.02593723186387808,0.0022499999999999075,40.0,1.764047385587097,20.0,34.01269177360066,2.0,True,0.5
4,1.0,0.05,17.924435595069056,17.899423955961474,17.91,0.0008053584165867506,59.79,0.0166910653295987,0.0035000000000000144,60.0,2.352063180782796,20.0,34.01269177360066,0.5,True,0.5
4,1.0,0.05,17.924435595069056,17.899423955961474,17.91,0.0008053584165867506,59.79,0.0166910653295987,0.0035000000000000144,60.0,2.352063180782796,20.0,34.01269177360066,1.0,True,0.5
4,1.0,0.05,17.924435595069056,17.899423955961474,17.91,0.0008053584165867506,59.79,0.0166910653295987,0.0035000000000000144,60.0,2.352063180782796,20.0,34.01269177360066,2.0,True,0.5
4,1.0,0.3,18.04984296189764,17.899423955961474,18.04,0.0005453211930108031,58.9,0.08810475342077544,0.018333333333333358,60.0,2.352063180782796,20.0,34.01269177360066,0.5,True,0.5
4,1.0,0.3,18.04984296189764,17.899423955961474,18.04,0.0005453211930108031,58.9,0.08810475342077544,0.018333333333333358,60.0,2.352063180782796,20.0,34.01269177360066,1.0,True,0.5
4,1.0,0.3,18.04984296189764,17.899423955961474,18.04,0.0005453211930108031,58.9,0.08810475342077544,0.018333333333333358,60.0,2.352063180782796,20.0,34.01269177360066,2.0,True,0.5
2,1.0,0.05,0.9301896570653345,0.9049594558854315,0.92,0.010954386546805884,1.02,0.005136317888774488,0.020000000000000018,1.0,0.10502188081075825,1.0,19.0436505665315,0.5,True,0.7
2,1.0,0.05,0.9301896570653345,0.9049594558854315,0.92,0.010954386546805884,1.02,0.005136317888774488,0.020000000000000018,1.0,0.10502188081075825,1.0,19.0436505665315,1.0,True,0.7
2,1.0,0.05,0.9301896570653345,0.9049594558854315,0.92,0.010954386546805884,1.02,0.005136317888774488,0.020000000000000018,1.0,0.10502188081075825,1.0,19.0436505665315,2.0,True,0.7
2,1.0,0.3,1.0632319798331074,0.9049594558854315,1.05,0.012445054404010966,1.1500000000000001,0.02694227469589611,0.15000000000000013,1.0,0.10502188081075825,1.0,19.0436505665315,0.5,True,0.7
2,1.0,0.3,1.0632319798331074,0.9049594558854315,1.05,0.012445054404010966,1.1500000000000001,0.02694227469589611,0.15000000000000013,1.0,0.10502188081075825,1.0,19.0436505665315,1.0,True,0.7
2,1.0,0.3,1.0632319798331074,0.9049594558854315,1.05,0.012445054404010966,1.1500000000000001,0.02694227469589611,0.15000000000000013,1.0,0.10502188081075825,1.0,19.0436505665315,2.0,True,0.7
3,1.0,0.05,1.752933353126411,1.727812778473739,1.74,0.007378120282407798,2.0100000000000002,0.007696390216056594,0.0050000000000001155,2.0,0.15753282121613738,1.0,19.0436505665315,0.5,True,0.7
3,1.0,0.05,1.752933353126411,1.727812778473739,1.74,0.007378120282407798,2.0100000000000002,0.007696390216056594,0.0050000000000001155,2.0,0.15753282121613738,1.0,19.0436505665315,1.0,True,0.7
3,1.0,0.05,1.752933353126411,1.727812778473739,1.74,0.007378120282407798,2.0100000000000002,0.007696390216056594,0.0050000000000001155,2.0,0.15753282121613738,1.0,19.0436505665315,2.0,True,0.7
3,1.0,0.3,1.8821513470834443,1.727812778473739,1.87,0.006456094565547977,2.14,0.04012149886567749,0.07000000000000006,2.0,0.15753282121613738,1.0,19.0436505665315,0.5,True,0.7
3,1.0,0.3,1.8821513470834443,1.727812778473739,1.87,0.006456094565547977,2.14,0.04012149886567749,0.07000000000000006,2.0,0.15753282121613738,1.0,19.0436505665315,1.0,True,0.7
3,1.0,0.3,1.8821513470834443,1.727812778473739,1.87,0.006456094565547977,2.14,0.04012149886567749,0.07000000000000006,2.0,0.15753282121613738,1.0,19.0436505665315,2.0,True,0.7
4,1.0,0.05,2.5043332071363085,2.479249176889154,2.49,0.005723362648175002,3.0100000000000002,0.01025108284856472,0.0033333333333334103,3.0,0.2100437616215165,1.0,19.0436505665315,0.5,True,0.7
4,1.0,0.05,2.5043332071363085,2.479249176889154,2.49,0.005723362648175002,3.0100000000000002,0.01025108284856472,0.0033333333333334103,3.0,0.2100437616215165,1.0,19.0436505665315,1.0,True,0.7
4,1.0,0.05,2.5043332071363085,2.479249176889154,2.49,0.005723362648175002,3.0100000000000002,0.01025108284856472,0.0033333333333334103,3.0,0.2100437616215165,1.0,19.0436505665315,2.0,True,0.7
4,1.0,0.3,2.632273548319971,2.479249176889154,2.62,0.004662717644905956,3.14,0.05310983746637986,0.04666666666666671,3.0,0.2100437616215165,1.0,19.0436505665315,0.5,True,0.7
4,1.0,0.3,2.632273548319971,2.479249176889154,2.62,0.004662717644905956,3.14,0.05310983746637986,0.04666666666666671,3.0,0.2100437616215165,1.0,19.0436505665315,1.0,True,0.7
4,1.0,0.3,2.632273548319971,2.479249176889154,2.62,0.004662717644905956,3.14,0.05310983746637986,0.04666666666666671,3.0,0.2100437616215165,1.0,19.0436505665315,2.0,True,0.7
2,1.0,0.05,1.6779588288954979,1.652832784592769,1.67,0.00474316101112967,2.0100000000000002,0.005187936777280487,0.0050000000000001155,2.0,0.2100437616215165,2.0,19.0436505665315,0.5,True,0.7
2,1.0,0.05,1.6779588288954979,1.652832784592769,1.67,0.00474316101112967,2.0100000000000002,0.005187936777280487,0.0050000000000001155,2.0,0.2100437616215165,2.0,19.0436505665315,1.0,True,0.7
2,1.0,0.05,1.6779588288954979,1.652832784592769,1.67,0.00474316101112967,2.0100000000000002,0.005187936777280487,0.0050000000000001155,2.0,0.2100437616215165,2.0,19.0436505665315,2.0,True,0.7
2,1.0,0.3,1.807367959123619,1.652832784592769,1.8,0.004076623736979131,2.14,0.02889245262413574,0.07000000000000006,2.0,0.2100437616215165,2.0,19.0436505665315,0.5,True,0.7
2,1.0,0.3,1.807367959123619,1.652832784592769,1.8,0.004076623736979131,2.14,0.02889245262413574,0.07000000000000006,2.0,0.2100437616215165,2.0,19.0436505665315,1.0,True,0.7
2,1.0,0.3,1.807367959123619,1.652832784592769,1.8,0.004076623736979131,2.14,0.02889245262413574,0.07000000000000006,2.0,0.2100437616215165,2.0,19.0436505665315,2.0,True,0.7
3,1.0,0.05,3.066741752898352,3.0416732602045746,3.06,0.0021983438585855557,4.01,0.0077737369164053455,0.0024999999999999467,4.0,0.31506564243227475,2.0,19.0436505665315,0.5,True,0.7
3,1.0,0.05,3.066741752898352,3.0416732602045746,3.06,0.0021983438585855557,4.01,0.0077737369164053455,0.0024999999999999467,4.0,0.31506564243227475,2.0,19.0436505665315,1.0,True,0.7
3,1.0,0.05,3.066741752898352,3.0416732602045746,3.06,0.0021983438585855557,4.01,0.0077737369164053455,0.0024999999999999467,4.0,0.31506564243227475,2.0,19.0436505665315,2.0,True,0.7
3,1.0,0.3,3.194138608602504,3.0416732602045746,3.18,0.004426423000061929,4.14,0.04301864461797556,0.03499999999999992,4.0,0.31506564243227475,2.0,19.0436505665315,0.5,True,0.7
3,1.0,0.3,3.194138608602504,3.0416732602045746,3.18,0.004426423000061929,4.14,0.04301864461797556,0.03499999999999992,4.0,0.31506564243227475,2.0,19.0436505665315,1.0,True,0.7
3,1.0,0.3,3.194138608602504,3.0416732602045746,3.18,0.004426423000061929,4.14,0.04301864461797556,0.03499999999999992,4.0,0.31506564243227475,2.0,19.0436505665315,2.0,True,0.7
4,1.0,0.05,4.250141003037719,4.225091694558296,4.24,0.0023860391997513404,6.01,0.010354103025394813,0.0016666666666666312,6.0,0.420087523243033,2.0,19.0436505665315,0.5,True,0.7
4,1.0,0.05,4.250141003037719,4.225091694558296,4.24,0.0023860391997513404,6.01,0.010354103025394813,0.0016666666666666312,6.0,0.420087523243033,2.0,19.0436505665315,1.0,True,0.7
4,1.0,0.05,4.250141003037719,4.225091694558296,4.24,0.0023860391997513404,6.01,0.010354103025394813,0.0016666666666666312,6.0,0.420087523243033,2.0,19.0436505665315,2.0,True,0.7
4,1.0,0.3,4.376866654823083,4.225091694558296,4.37,0.0015688517299277925,6.140000000000001,0.05693559807348817,0.023333333333333428,6.0,0.420087523243033,2.0,19.0436505665315,0.5,True,0.7
4,1.0,0.3,4.376866654823083,4.225091694558296,4.37,0.0015688517299277925,6.140000000000001,0.05693559807348817,0.023333333333333428,6.0,0.420087523243033,2.0,19.0436505665315,1.0,True,0.7
4,1.0,0.3,4.376866654823083,4.225091694558296,4.37,0.0015688517299277925,6.140000000000001,0.05693559807348817,0.023333333333333428,6.0,0.420087523243033,2.0,19.0436505665315,2.0,True,0.7
2,1.0,0.05,3.3035168731367817,3.27845332715793,3.29,0.004091661600610193,5.01,0.005219157630620958,0.0019999999999999575,5.0,0.5251094040537913,5.0,19.0436505665315,0.5,True,0.7
2,1.0,0.05,3.3035168731367817,3.27845332715793,3.29,0.004091661600610193,5.01,0.005219157630620958,0.0019999999999999575,5.0,0.5251094040537913,5.0,19.0436505665315,1.0,True,0.7
2,1.0,0.05,3.3035168731367817,3.27845332715793,3.29,0.004091661600610193,5.01,0.005219157630620958,0.0019999999999999575,5.0,0.5251094040537913,5.0,19.0436505665315,2.0,True,0.7
2,1.0,0.3,3.43074067206692,3.27845332715793,3.42,0.00313071522845507,5.13,0.030151953007729847,0.025999999999999978,5.0,0.5251094040537913,5.0,19.0436505665315,0.5,True,0.7
2,1.0,0.3,3.43074067206692,3.27845332715793,3.42,0.00313071522845507,5.13,0.030151953007729847,0.025999999999999978,5.0,0.5251094040537913,5.0,19.0436505665315,1.0,True,0.7
2,1.0,0.3,3.43074067206692,3.27845332715793,3.42,0.00313071522845507,5.13,0.030151953007729847,0.025999999999999978,5.0,0.5251094040537913,5.0,19.0436505665315,2.0,True,0.7
3,1.0,0.05,5.618929275569605,5.593892032616918,5.61,0.0015891418332008589,10.01,0.007820518920833602,0.0009999999999999788,10.0,0.7876641060806868,5.0,19.0436505665315,0.5,True,0.7
3,1.0,0.05,5.618929275569605,5.593892032616918,5.61,0.0015891418332008589,10.01,0.007820518920833602,0.0009999999999999788,10.0,0.7876641060806868,5.0,19.0436505665315,1.0,True,0.7
3,1.0,0.05,5.618929275569605,5.593892032616918,5.61,0.0015891418332008589,10.01,0.007820518920833602,0.0009999999999999788,10.0,0.7876641060806868,5.0,19.0436505665315,2.0,True,0.7
3,1.0,0.3,5.745232716430593,5.593892032616918,5.74,0.0009107927718276176,10.11,0.044889609958501414,0.010999999999999944,10.0,0.7876641060806868,5.0,19.0436505665315,0.5,True,0.7
3,1.0,0.3,5.745232716430593,5.593892032616918,5.74,0.0009107927718276176,10.11,0.044889609958501414,0.010999999999999944,10.0,0.7876641060806868,5.0,19.0436505665315,1.0,True,0.7
3,1.0,0.3,5.745232716430593,5.593892032616918,5.74,0.0009107927718276176,10.11,0.044889609958501414,0.010999999999999944,10.0,0.7876641060806868,5.0,19.0436505665315,2.0,True,0.7
4,1.0,0.05,7.341320736670972,7.316292261432076,7.33,0.0015420572233580585,15.0,0.010416413382436615,0.0,15.0,1.0502188081075825,5.0,19.0436505665315,0.5,True,0.7
4,1.0,0.05,7.341320736670972,7.316292261432076,7.33,0.0015420572233580585,15.0,0.010416413382436615,0.0,15.0,1.0502188081075825,5.0,19.0436505665315,1.0,True,0.7
4,1.0,0.05,7.341320736670972,7.316292261432076,7.33,0.0015420572233580585,15.0,0.010416413382436615,0.0,15.0,1.0502188081075825,5.0,19.0436505665315,2.0,True,0.7
4,1.0,0.3,7.467317342111165,7.316292261432076,7.46,0.0009799157817894457,15.07,0.05940609533958735,0.004666666666666685,15.0,1.0502188081075825,5.0,19.0436505665315,0.5,True,0.7
4,1.0,0.3,7.467317342111165,7.316292261432076,7.46,0.0009799157817894457,15.07,0.05940609533958735,0.004666666666666685,15.0,1.0502188081075825,5.0,19.0436505665315,1.0,True,0.7
4,1.0,0.3,7.467317342111165,7.316292261432076,7.46,0.0009799157817894457,15.07,0.05940609533958735,0.004666666666666685,15.0,1.0502188081075825,5.0,19.0436505665315,2.0,True,0.7
2,1.0,0.05,4.902570887105102,4.8775281742880505,4.89,0.002564141833862475,10.01,0.00522960635664061,0.0009999999999999788,10.0,1.0502188081075825,10.0,19.0436505665315,0.5,True,0.7
2,1.0,0.05,4.902570887105102,4.8775281742880505,4.89,0.002564141833862475,10.01,0.00522960635664061,0.0009999999999999788,10.0,1.0502188081075825,10.0,19.0436505665315,1.0,True,0.7
2,1.0,0.05,4.902570887105102,4.8775281742880505,4.89,0.002564141833862475,10.01,0.00522960635664061,0.0009999999999999788,10.0,1.0502188081075825,10.0,19.0436505665315,2.0,True,0.7
2,1.0,0.3,5.029065741451649,4.8775281742880505,5.0200000000000005,0.0018026691074894037,10.11,0.030587609064345968,0.010999999999999944,10.0,1.0502188081075825,10.0,19.0436505665315,0.5,True,0.7
2,1.0,0.3,5.029065741451649,4.8775281742880505,5.0200000000000005,0.0018026691074894037,10.11,0.030587609064345968,0.010999999999999944,10.0,1.0502188081075825,10.0,19.0436505665315,1.0,True,0.7
2,1.0,0.3,5.029065741451649,4.8775281742880505,5.0200000000000005,0.0018026691074894037,10.11,0.030587609064345968,0.010999999999999944,10.0,1.0502188081075825,10.0,19.0436505665315,2.0,True,0.7
3,1.0,0.05,7.791027255137678,7.7660004288209805,7.78,0.001415378842424892,19.990000000000002,0.007836175535193763,0.0004999999999999005,20.0,1.5753282121613736,10.0,19.0436505665315,0.5,True,0.7
3,1.0,0.05,7.791027255137678,7.7660004288209805,7.78,0.001415378842424892,19.990000000000002,0.007836175535193763,0.0004999999999999005,20.0,1.5753282121613736,10.0,19.0436505665315,1.0,True,0.7
3,1.0,0.05,7.791027255137678,7.7660004288209805,7.78,0.001415378842424892,19.990000000000002,0.007836175535193763,0.0004999999999999005,20.0,1.5753282121613736,10.0,19.0436505665315,2.0,True,0.7
3,1.0,0.3,7.916966152882079,7.7660004288209805,7.91,0.0008799018143513037,19.98,0.0455367484942207,0.0009999999999999788,20.0,1.5753282121613736,10.0,19.0436505665315,0.5,True,0.7
3,1.0,0.3,7.916966152882079,7.7660004288209805,7.91,0.0008799018143513037,19.98,0.0455367484942207,0.0009999999999999788,20.0,1.5753282121613736,10.0,19.0436505665315,1.0,True,0.7
3,1.0,0.3,7.916966152882079,7.7660004288209805,7.91,0.0008799018143513037,19.98,0.0455367484942207,0.0009999999999999788,20.0,1.5753282121613736,10.0,19.0436505665315,2.0,True,0.7
4,1.0,0.05,9.701074950847243,9.67605342004019,9.69,0.0011416209959573794,29.87,0.02101266316361864,0.0043333333333333,30.0,2.100437616215165,10.0,19.0436505665315,0.5,True,0.7
4,1.0,0.05,9.701074950847243,9.67605342004019,9.69,0.0011416209959573794,29.87,0.02101266316361864,0.0043333333333333,30.0,2.100437616215165,10.0,19.0436505665315,1.0,True,0.7
4,1.0,0.05,9.701074950847243,9.67605342004019,9.69,0.0011416209959573794,29.87,0.02101266316361864,0.0043333333333333,30.0,2.100437616215165,10.0,19.0436505665315,2.0,True,0.7
4,1.0,0.3,9.826828517026705,9.67605342004019,9.82,0.0006948851315430011,29.36,0.10588683437985327,0.021333333333333353,30.0,2.100437616215165,10.0,19.0436505665315,0.5,True,0.7
4,1.0,0.3,9.826828517026705,9.67605342004019,9.82,0.0006948851315430011,29.36,0.10588683437985327,0.021333333333333353,30.0,2.100437616215165,10.0,19.0436505665315,1.0,True,0.7
4,1.0,0.3,9.826828517026705,9.67605342004019,9.82,0.0006948851315430011,29.36,0.10588683437985327,0.021333333333333353,30.0,2.100437616215165,10.0,19.0436505665315,2.0,True,0.7
2,1.0,0.05,6.475734576219616,6.4507022800267935,6.47,0.0008855483732571517,19.990000000000002,0.005234838570122766,0.0004999999999999005,20.0,2.100437616215165,20.0,19.0436505665315,0.5,True,0.7
2,1.0,0.05,6.475734576219616,6.4507022800267935,6.47,0.0008855483732571517,19.990000000000002,0.005234838570122766,0.0004999999999999005,20.0,2.100437616215165,20.0,19.0436505665315,1.0,True,0.7
2,1.0,0.05,6.475734576219616,6.4507022800267935,6.47,0.0008855483732571517,19.990000000000002,0.005234838570122766,0.0004999999999999005,20.0,2.100437616215165,20.0,19.0436505665315,2.0,True,0.7
2,1.0,0.3,6.601864902223683,6.4507022800267935,6.59,0.0017972046382965217,20.01,0.03080849477026692,0.0005000000000000782,20.0,2.100437616215165,20.0,19.0436505665315,0.5,True,0.7
2,1.0,0.3,6.601864902223683,6.4507022800267935,6.59,0.0017972046382965217,20.01,0.03080849477026692,0.0005000000000000782,20.0,2.100437616215165,20.0,19.0436505665315,1.0,True,0.7
2,1.0,0.3,6.601864902223683,6.4507022800267935,6.59,0.0017972046382965217,20.01,0.03080849477026692,0.0005000000000000782,20.0,2.100437616215165,20.0,19.0436505665315,2.0,True,0.7
3,1.0,0.05,9.66205150213411,9.637029884140965,9.65,0.001247302618025582,39.82,0.020618486339057635,0.004499999999999993,40.0,3.1506564243227473,20.0,19.0436505665315,0.5,True,0.7
3,1.0,0.05,9.66205150213411,9.637029884140965,9.65,0.001247302618025582,39.82,0.020618486339057635,0.004499999999999993,40.0,3.1506564243227473,20.0,19.0436505665315,1.0,True,0.7
3,1.0,0.05,9.66205150213411,9.637029884140965,9.65,0.001247302618025582,39.82,0.020618486339057635,0.004499999999999993,40.0,3.1506564243227473,20.0,19.0436505665315,2.0,True,0.7
3,1.0,0.3,9.78780811965116,9.637029884140965,9.78,0.000797739346308219,39.02,0.10897474627487103,0.02449999999999992,40.0,3.1506564243227473,20.0,19.0436505665315,0.5,True,0.7
3,1.0,0.3,9.78780811965116,9.637029884140965,9.78,0.000797739346308219,39.02,0.10897474627487103,0.02449999999999992,40.0,3.1506564243227473,20.0,19.0436505665315,1.0,True,0.7
3,1.0,0.3,9.78780811965116,9.637029884140965,9.78,0.000797739346308219,39.02,0.10897474627487103,0.02449999999999992,40.0,3.1506564243227473,20.0,19.0436505665315,2.0,True,0.7
4,1.0,0.05,11.561537840080302,11.536519781491172,11.55,0.0009979502934551545,58.15,0.14497291840107848,0.03083333333333336,60.0,4.20087523243033,20.0,19.0436505665315,0.5,True,0.7
4,1.0,0.05,11.561537840080302,11.536519781491172,11.55,0.0009979502934551545,58.15,0.14497291840107848,0.03083333333333336,60.0,4.20087523243033,20.0,19.0436505665315,1.0,True,0.7
4,1.0,0.05,11.561537840080302,11.536519781491172,11.55,0.0009979502934551545,58.15,0.14497291840107848,0.03083333333333336,60.0,4.20087523243033,20.0,19.0436505665315,2.0,True,0.7
4,1.0,0.3,11.6871698835687,11.536519781491172,11.68,0.0006134833017855344,52.22,0.4599666356813649,0.12966666666666668,60.0,4.20087523243033,20.0,19.0436505665315,0.5,True,0.7
4,1.0,0.3,11.6871698835687,11.536519781491172,11.68,0.0006134833017855344,52.22,0.4599666356813649,0.12966666666666668,60.0,4.20087523243033,20.0,19.0436505665315,1.0,True,0.7
4,1.0,0.3,11.6871698835687,11.536519781491172,11.68,0.0006134833017855344,52.22,0.4599666356813649,0.12966666666666668,60.0,4.20087523243033,20.0,19.0436505665315,2.0,True,0.7
2,1.0,0.05,0.8673008138737248,0.842053417345637,0.86,0.008417856592473806,1.01,0.009158528700156997,0.010000000000000009,1.0,0.18757311519766792,1.0,10.662508845643279,0.5,True,0.9
2,1.0,0.05,0.8673008138737248,0.842053417345637,0.86,0.008417856592473806,1.01,0.009158528700156997,0.010000000000000009,1.0,0.18757311519766792,1.0,10.662508845643279,1.0,True,0.9
2,1.0,0.05,0.8673008138737248,0.842053417345637,0.86,0.008417856592473806,1.01,0.009158528700156997,0.010000000000000009,1.0,0.18757311519766792,1.0,10.662508845643279,2.0,True,0.9
2,1.0,0.3,1.0009414301873205,0.842053417345637,0.99,0.010931139282817873,1.1500000000000001,0.04757501484952187,0.15000000000000013,1.0,0.18757311519766792,1.0,10.662508845643279,0.5,True,0.9
2,1.0,0.3,1.0009414301873205,0.842053417345637,0.99,0.010931139282817873,1.1500000000000001,0.04757501484952187,0.15000000000000013,1.0,0.18757311519766792,1.0,10.662508845643279,1.0,True,0.9
2,1.0,0.3,1.0009414301873205,0.842053417345637,0.99,0.010931139282817873,1.1500000000000001,0.04757501484952187,0.15000000000000013,1.0,0.18757311519766792,1.0,10.662508845643279,2.0,True,0.9
3,1.0,0.05,1.5859754770480188,1.5608420043648654,1.58,0.003767698261729041,2.0100000000000002,0.013712050776125818,0.0050000000000001155,2.0,0.28135967279650187,1.0,10.662508845643279,0.5,True,0.9
3,1.0,0.05,1.5859754770480188,1.5608420043648654,1.58,0.003767698261729041,2.0100000000000002,0.013712050776125818,0.0050000000000001155,2.0,0.28135967279650187,1.0,10.662508845643279,1.0,True,0.9
3,1.0,0.05,1.5859754770480188,1.5608420043648654,1.58,0.003767698261729041,2.0100000000000002,0.013712050776125818,0.0050000000000001155,2.0,0.28135967279650187,1.0,10.662508845643279,2.0,True,0.9
3,1.0,0.3,1.7156441472096675,1.5608420043648654,1.71,0.0032898122951937436,2.14,0.07044874586550062,0.07000000000000006,2.0,0.28135967279650187,1.0,10.662508845643279,0.5,True,0.9
3,1.0,0.3,1.7156441472096675,1.5608420043648654,1.71,0.0032898122951937436,2.14,0.07044874586550062,0.07000000000000006,2.0,0.28135967279650187,1.0,10.662508845643279,1.0,True,0.9
3,1.0,0.3,1.7156441472096675,1.5608420043648654,1.71,0.0032898122951937436,2.14,0.07044874586550062,0.07000000000000006,2.0,0.28135967279650187,1.0,10.662508845643279,2.0,True,0.9
4,1.0,0.05,2.206681666914817,2.1815861714848612,2.2,0.0030279251488767502,3.0100000000000002,0.018248476069189074,0.0033333333333334103,3.0,0.37514623039533584,1.0,10.662508845643279,0.5,True,0.9
4,1.0,0.05,2.206681666914817,2.1815861714848612,2.2,0.0030279251488767502,3.0100000000000002,0.018248476069189074,0.0033333333333334103,3.0,0.37514623039533584,1.0,10.662508845643279,1.0,True,0.9
4,1.0,0.05,2.206681666914817,2.1815861714848612,2.2,0.0030279251488767502,3.0100000000000002,0.018248476069189074,0.0033333333333334103,3.0,0.37514623039533584,1.0,10.662508845643279,2.0,True,0.9
4,1.0,0.3,2.335022954032277,2.1815861714848612,2.33,0.002151136897221099,3.14,0.09273398407860813,0.04666666666666671,3.0,0.37514623039533584,1.0,10.662508845643279,0.5,True,0.9
4,1.0,0.3,2.335022954032277,2.1815861714848612,2.33,0.002151136897221099,3.14,0.09273398407860813,0.04666666666666671,3.0,0.37514623039533584,1.0,10.662508845643279,1.0,True,0.9
4,1.0,0.3,2.335022954032277,2.1815861714848612,2.33,0.002151136897221099,3.14,0.09273398407860813,0.04666666666666671,3.0,0.37514623039533584,1.0,10.662508845643279,2.0,True,0.9
2,1.0,0.05,1.479534022567322,1.4543907809899077,1.47,0.006443936010865289,2.0100000000000002,0.009250569248990183,0.0050000000000001155,2.0,0.37514623039533584,2.0,10.662508845643279,0.5,True,0.9
2,1.0,0.05,1.479534022567322,1.4543907809899077,1.47,0.006443936010865289,2.0100000000000002,0.009250569248990183,0.0050000000000001155,2.0,0.37514623039533584,2.0,10.662508845643279,1.0,True,0.9
2,1.0,0.05,1.479534022567322,1.4543907809899077,1.47,0.006443936010865289,2.0100000000000002,0.009250569248990183,0.0050000000000001155,2.0,0.37514623039533584,2.0,10.662508845643279,2.0,True,0.9
2,1.0,0.3,1.6095439261873927,1.4543907809899077,1.6,0.005929584171088647,2.14,0.0510056273924234,0.07000000000000006,2.0,0.37514623039533584,2.0,10.662508845643279,0.5,True,0.9
2,1.0,0.3,1.6095439261873927,1.4543907809899077,1.6,0.005929584171088647,2.14,0.0510056273924234,0.07000000000000006,2.0,0.37514623039533584,2.0,10.662508845643279,1.0,True,0.9
2,1.0,0.3,1.6095439261873927,1.4543907809899077,1.6,0.005929584171088647,2.14,0.0510056273924234,0.07000000000000006,2.0,0.37514623039533584,2.0,10.662508845643279,2.0,True,0.9
3,1.0,0.05,2.5847220657379255,2.5596406746229428,2.57,0.005695802242367051,4.01,0.013849851602816685,0.0024999999999999467,4.0,0.5627193455930037,2.0,10.662508845643279,0.5,True,0.9
3,1.0,0.05,2.5847220657379255,2.5596406746229428,2.57,0.005695802242367051,4.01,0.013849851602816685,0.0024999999999999467,4.0,0.5627193455930037,2.0,10.662508845643279,1.0,True,0.9
3,1.0,0.05,2.5847220657379255,2.5596406746229428,2.57,0.005695802242367051,4.01,0.013849851602816685,0.0024999999999999467,4.0,0.5627193455930037,2.0,10.662508845643279,2.0,True,0.9
3,1.0,0.3,2.7125701027805436,2.5596406746229428,2.7,0.0046340195107430725,4.13,0.07550680397779153,0.03249999999999997,4.0,0.5627193455930037,2.0,10.662508845643279,0.5,True,0.9
3,1.0,0.3,2.7125701027805436,2.5596406746229428,2.7,0.0046340195107430725,4.13,0.07550680397779153,0.03249999999999997,4.0,0.5627193455930037,2.0,10.662508845643279,1.0,True,0.9
3,1.0,0.3,2.7125701027805436,2.5596406746229428,2.7,0.0046340195107430725,4.13,0.07550680397779153,0.03249999999999997,4.0,0.5627193455930037,2.0,10.662508845643279,2.0,True,0.9
4,1.0,0.05,3.4530593137349577,3.427998539906627,3.44,0.003781954651926405,6.01,0.018431864333577814,0.0016666666666666312,6.0,0.7502924607906717,2.0,10.662508845643279,0.5,True,0.9
4,1.0,0.05,3.4530593137349577,3.427998539906627,3.44,0.003781954651926405,6.01,0.018431864333577814,0.0016666666666666312,6.0,0.7502924607906717,2.0,10.662508845643279,1.0,True,0.9
4,1.0,0.05,3.4530593137349577,3.427998539906627,3.44,0.003781954651926405,6.01,0.018431864333577814,0.0016666666666666312,6.0,0.7502924607906717,2.0,10.662508845643279,2.0,True,0.9
4,1.0,0.3,3.580186126259448,3.427998539906627,3.5700000000000003,0.0028451387442502054,6.12,0.09936310425762379,0.020000000000000018,6.0,0.7502924607906717,2.0,10.662508845643279,0.5,True,0.9
4,1.0,0.3,3.580186126259448,3.427998539906627,3.5700000000000003,0.0028451387442502054,6.12,0.09936310425762379,0.020000000000000018,6.0,0.7502924607906717,2.0,10.662508845643279,1.0,True,0.9
4,1.0,0.3,3.580186126259448,3.427998539906627,3.5700000000000003,0.0028451387442502054,6.12,0.09936310425762379,0.020000000000000018,6.0,0.7502924607906717,2.0,10.662508845643279,2.0,True,0.9
2,1.0,0.05,2.6052390696072036,2.5801583257135507,2.6,0.002010974604335814,5.01,0.009306238676763744,0.0019999999999999575,5.0,0.9378655759883396,5.0,10.662508845643279,0.5,True,0.9
2,1.0,0.05,2.6052390696072036,2.5801583257135507,2.6,0.002010974604335814,5.01,0.009306238676763744,0.0019999999999999575,5.0,0.9378655759883396,5.0,10.662508845643279,1.0,True,0.9
2,1.0,0.05,2.6052390696072036,2.5801583257135507,2.6,0.002010974604335814,5.01,0.009306238676763744,0.0019999999999999575,5.0,0.9378655759883396,5.0,10.662508845643279,2.0,True,0.9
2,1.0,0.3,2.7330644693302757,2.5801583257135507,2.72,0.004780154100600811,5.11,0.05322101949890271,0.022000000000000065,5.0,0.9378655759883396,5.0,10.662508845643279,0.5,True,0.9
2,1.0,0.3,2.7330644693302757,2.5801583257135507,2.72,0.004780154100600811,5.11,0.05322101949890271,0.022000000000000065,5.0,0.9378655759883396,5.0,10.662508845643279,1.0,True,0.9
2,1.0,0.3,2.7330644693302757,2.5801583257135507,2.72,0.004780154100600811,5.11,0.05322101949890271,0.022000000000000065,5.0,0.9378655759883396,5.0,10.662508845643279,2.0,True,0.9
3,1.0,0.05,4.179947431475239,4.154897289963702,4.17,0.0023797982243351445,9.99,0.013933198802670846,0.0009999999999999788,10.0,1.4067983639825092,5.0,10.662508845643279,0.5,True,0.9
3,1.0,0.05,4.179947431475239,4.154897289963702,4.17,0.0023797982243351445,9.99,0.013933198802670846,0.0009999999999999788,10.0,1.4067983639825092,5.0,10.662508845643279,1.0,True,0.9
3,1.0,0.05,4.179947431475239,4.154897289963702,4.17,0.0023797982243351445,9.99,0.013933198802670846,0.0009999999999999788,10.0,1.4067983639825092,5.0,10.662508845643279,2.0,True,0.9
3,1.0,0.3,4.306702231910819,4.154897289963702,4.3,0.0015562329480683695,10.02,0.07877276536644687,0.0019999999999999575,10.0,1.4067983639825092,5.0,10.662508845643279,0.5,True,0.9
3,1.0,0.3,4.306702231910819,4.154897289963702,4.3,0.0015562329480683695,10.02,0.07877276536644687,0.0019999999999999575,10.0,1.4067983639825092,5.0,10.662508845643279,1.0,True,0.9
3,1.0,0.3,4.306702231910819,4.154897289963702,4.3,0.0015562329480683695,10.02,0.07877276536644687,0.0019999999999999575,10.0,1.4067983639825092,5.0,10.662508845643279,2.0,True,0.9
4,1.0,0.05,5.241104728099791,5.2160647874504935,5.23,0.002118776226747295,14.92,0.026334673666349135,0.005333333333333338,15.0,1.8757311519766793,5.0,10.662508845643279,0.5,True,0.9
4,1.0,0.05,5.241104728099791,5.2160647874504935,5.23,0.002118776226747295,14.92,0.026334673666349135,0.005333333333333338,15.0,1.8757311519766793,5.0,10.662508845643279,1.0,True,0.9
4,1.0,0.05,5.241104728099791,5.2160647874504935,5.23,0.002118776226747295,14.92,0.026334673666349135,0.005333333333333338,15.0,1.8757311519766793,5.0,10.662508845643279,2.0,True,0.9
4,1.0,0.3,5.367502573760035,5.2160647874504935,5.36,0.0013977773940365384,14.65,0.12454410265354822,0.02333333333333331,15.0,1.8757311519766793,5.0,10.662508845643279,0.5,True,0.9
4,1.0,0.3,5.367502573760035,5.2160647874504935,5.36,0.0013977773940365384,14.65,0.12454410265354822,0.02333333333333331,15.0,1.8757311519766793,5.0,10.662508845643279,1.0,True,0.9
4,1.0,0.3,5.367502573760035,5.2160647874504935,5.36,0.0013977773940365384,14.65,0.12454410265354822,0.02333333333333331,15.0,1.8757311519766793,5.0,10.662508845643279,2.0,True,0.9
2,1.0,0.05,3.502436435826243,3.4773765249669957,3.49,0.0035507955830493022,10.0,0.009324869671676693,0.0,10.0,1.8757311519766793,10.0,10.662508845643279,0.5,True,0.9
2,1.0,0.05,3.502436435826243,3.4773765249669957,3.49,0.0035507955830493022,10.0,0.009324869671676693,0.0,10.0,1.8757311519766793,10.0,10.662508845643279,1.0,True,0.9
2,1.0,0.05,3.502436435826243,3.4773765249669957,3.49,0.0035507955830493022,10.0,0.009324869671676693,0.0,10.0,1.8757311519766793,10.0,10.662508845643279,2.0,True,0.9
2,1.0,0.3,3.6295330558330505,3.4773765249669957,3.62,0.002626524042184923,10.03,0.05398727591022767,0.002999999999999936,10.0,1.8757311519766793,10.0,10.662508845643279,0.5,True,0.9
2,1.0,0.3,3.6295330558330505,3.4773765249669957,3.62,0.002626524042184923,10.03,0.05398727591022767,0.002999999999999936,10.0,1.8757311519766793,10.0,10.662508845643279,1.0,True,0.9
2,1.0,0.3,3.6295330558330505,3.4773765249669957,3.62,0.002626524042184923,10.03,0.05398727591022767,0.002999999999999936,10.0,1.8757311519766793,10.0,10.662508845643279,2.0,True,0.9
3,1.0,0.05,5.269432728848719,5.244393003943089,5.26,0.0017900843096597182,19.87,0.028989532392382604,0.00649999999999995,20.0,2.8135967279650185,10.0,10.662508845643279,0.5,True,0.9
3,1.0,0.05,5.269432728848719,5.244393003943089,5.26,0.0017900843096597182,19.87,0.028989532392382604,0.00649999999999995,20.0,2.8135967279650185,10.0,10.662508845643279,1.0,True,0.9
3,1.0,0.05,5.269432728848719,5.244393003943089,5.26,0.0017900843096597182,19.87,0.028989532392382604,0.00649999999999995,20.0,2.8135967279650185,10.0,10.662508845643279,2.0,True,0.9
3,1.0,0.3,5.395823024727153,5.244393003943089,5.39,0.0010791726675371408,19.36,0.14452521632855886,0.03200000000000003,20.0,2.8135967279650185,10.0,10.662508845643279,0.5,True,0.9
3,1.0,0.3,5.395823024727153,5.244393003943089,5.39,0.0010791726675371408,19.36,0.14452521632855886,0.03200000000000003,20.0,2.8135967279650185,10.0,10.662508845643279,1.0,True,0.9
3,1.0,0.3,5.395823024727153,5.244393003943089,5.39,0.0010791726675371408,19.36,0.14452521632855886,0.03200000000000003,20.0,2.8135967279650185,10.0,10.662508845643279,2.0,True,0.9
4,1.0,0.05,6.338878730636125,6.313845734404564,6.33,0.0014006784186000813,28.84,0.1745371669248739,0.03866666666666667,30.0,3.7514623039533586,10.0,10.662508845643279,0.5,True,0.9
4,1.0,0.05,6.338878730636125,6.313845734404564,6.33,0.0014006784186000813,28.84,0.1745371669248739,0.03866666666666667,30.0,3.7514623039533586,10.0,10.662508845643279,1.0,True,0.9
4,1.0,0.05,6.338878730636125,6.313845734404564,6.33,0.0014006784186000813,28.84,0.1745371669248739,0.03866666666666667,30.0,3.7514623039533586,10.0,10.662508845643279,2.0,True,0.9
4,1.0,0.3,6.465033555286788,6.313845734404564,6.46,0.0007785814634592231,25.59,0.49139616003195297,0.147,30.0,3.7514623039533586,10.0,10.662508845643279,0.5,True,0.9
4,1.0,0.3,6.465033555286788,6.313845734404564,6.46,0.0007785814634592231,25.59,0.49139616003195297,0.147,30.0,3.7514623039533586,10.0,10.662508845643279,1.0,True,0.9
4,1.0,0.3,6.465033555286788,6.313845734404564,6.46,0.0007785814634592231,25.59,0.49139616003195297,0.147,30.0,3.7514623039533586,10.0,10.662508845643279,2.0,True,0.9
2,1.0,0.05,4.234279983885675,4.209230489603043,4.22,0.00337247039402694,19.94,0.012779569389022435,0.002999999999999936,20.0,3.7514623039533586,20.0,10.662508845643279,0.5,True,0.9
2,1.0,0.05,4.234279983885675,4.209230489603043,4.22,0.00337247039402694,19.94,0.012779569389022435,0.002999999999999936,20.0,3.7514623039533586,20.0,10.662508845643279,1.0,True,0.9
2,1.0,0.05,4.234279983885675,4.209230489603043,4.22,0.00337247039402694,19.94,0.012779569389022435,0.002999999999999936,20.0,3.7514623039533586,20.0,10.662508845643279,2.0,True,0.9
2,1.0,0.3,4.361012137135576,4.209230489603043,4.3500000000000005,0.0025251333381541233,19.72,0.07168129962289105,0.014000000000000058,20.0,3.7514623039533586,20.0,10.662508845643279,0.5,True,0.9
2,1.0,0.3,4.361012137135576,4.209230489603043,4.3500000000000005,0.0025251333381541233,19.72,0.07168129962289105,0.014000000000000058,20.0,3.7514623039533586,20.0,10.662508845643279,1.0,True,0.9
2,1.0,0.3,4.361012137135576,4.209230489603043,4.3500000000000005,0.0025251333381541233,19.72,0.07168129962289105,0.014000000000000058,20.0,3.7514623039533586,20.0,10.662508845643279,2.0,True,0.9
3,1.0,0.05,6.060772007281187,6.0357374906881365,6.05,0.0017773325358958138,38.980000000000004,0.10730321399884553,0.0254999999999999,40.0,5.627193455930037,20.0,10.662508845643279,0.5,True,0.9
3,1.0,0.05,6.060772007281187,6.0357374906881365,6.05,0.0017773325358958138,38.980000000000004,0.10730321399884553,0.0254999999999999,40.0,5.627193455930037,20.0,10.662508845643279,1.0,True,0.9
3,1.0,0.05,6.060772007281187,6.0357374906881365,6.05,0.0017773325358958138,38.980000000000004,0.10730321399884553,0.0254999999999999,40.0,5.627193455930037,20.0,10.662508845643279,2.0,True,0.9
3,1.0,0.3,6.186980038300464,6.0357374906881365,6.18,0.0011281818039260959,35.21,0.40624292773149356,0.11974999999999998,40.0,5.627193455930037,20.0,10.662508845643279,0.5,True,0.9
3,1.0,0.3,6.186980038300464,6.0357374906881365,6.18,0.0011281818039260959,35.21,0.40624292773149356,0.11974999999999998,40.0,5.627193455930037,20.0,10.662508845643279,1.0,True,0.9
3,1.0,0.3,6.186980038300464,6.0357374906881365,6.18,0.0011281818039260959,35.21,0.40624292773149356,0.11974999999999998,40.0,5.627193455930037,20.0,10.662508845643279,2.0,True,0.9
4,1.0,0.05,7.081425148673881,7.056395624654495,7.07,0.0016133967999393305,48.75,0.6125556992471057,0.1875,60.0,7.502924607906717,20.0,10.662508845643279,0.5,True,0.9
4,1.0,0.05,7.081425148673881,7.056395624654495,7.07,0.0016133967999393305,48.75,0.6125556992471057,0.1875,60.0,7.502924607906717,20.0,10.662508845643279,1.0,True,0.9
4,1.0,0.05,7.081425148673881,7.056395624654495,7.07,0.0016133967999393305,48.75,0.6125556992471057,0.1875,60.0,7.502924607906717,20.0,10.662508845643279,2.0,True,0.9
4,1.0,0.3,7.207458458213292,7.056395624654495,7.2,0.0010348250019800837,36.62,0.8196763022877591,0.3896666666666667,60.0,7.502924607906717,20.0,10.662508845643279,0.5,True,0.9
4,1.0,0.3,7.207458458213292,7.056395624654495,7.2,0.0010348250019800837,36.62,0.8196763022877591,0.3896666666666667,60.0,7.502924607906717,20.0,10.662508845643279,1.0,True,0.9
4,1.0,0.3,7.207458458213292,7.056395624654495,7.2,0.0010348250019800837,36.62,0.8196763022877591,0.3896666666666667,60.0,7.502924607906717,20.0,10.662508845643279,2.0,True,0.9
2,1.0,0.05,0.7160427403463598,0.6907411582854397,0.71,0.008439077733595788,1.01,0.021747157464033617,0.010000000000000009,1.0,0.4477203044946731,1.0,4.467074599748906,0.5,True,1.2
2,1.0,0.05,0.7160427403463598,0.6907411582854397,0.71,0.008439077733595788,1.01,0.021747157464033617,0.010000000000000009,1.0,0.4477203044946731,1.0,4.467074599748906,1.0,True,1.2
2,1.0,0.05,0.7160427403463598,0.6907411582854397,0.71,0.008439077733595788,1.01,0.021747157464033617,0.010000000000000009,1.0,0.4477203044946731,1.0,4.467074599748906,2.0,True,1.2
2,1.0,0.3,0.851565077639429,0.6907411582854397,0.84,0.013580967495153608,1.1400000000000001,0.10958445103810098,0.14000000000000012,1.0,0.4477203044946731,1.0,4.467074599748906,0.5,True,1.2
2,1.0,0.3,0.851565077639429,0.6907411582854397,0.84,0.013580967495153608,1.1400000000000001,0.10958445103810098,0.14000000000000012,1.0,0.4477203044946731,1.0,4.467074599748906,1.0,True,1.2
2,1.0,0.3,0.851565077639429,0.6907411582854397,0.84,0.013580967495153608,1.1400000000000001,0.10958445103810098,0.14000000000000012,1.0,0.4477203044946731,1.0,4.467074599748906,2.0,True,1.2
3,1.0,0.05,1.2216465891635777,1.1964724712671597,1.21,0.009533517522077964,2.0100000000000002,0.03247503093233655,0.0050000000000001155,2.0,0.6715804567420096,1.0,4.467074599748906,0.5,True,1.2
3,1.0,0.05,1.2216465891635777,1.1964724712671597,1.21,0.009533517522077964,2.0100000000000002,0.03247503093233655,0.0050000000000001155,2.0,0.6715804567420096,1.0,4.467074599748906,1.0,True,1.2
3,1.0,0.05,1.2216465891635777,1.1964724712671597,1.21,0.009533517522077964,2.0100000000000002,0.03247503093233655,0.0050000000000001155,2.0,0.6715804567420096,1.0,4.467074599748906,2.0,True,1.2
3,1.0,0.3,1.3527343396262126,1.1964724712671597,1.34,0.00941377715725858,2.12,0.1594698392630914,0.06000000000000005,2.0,0.6715804567420096,1.0,4.467074599748906,0.5,True,1.2
3,1.0,0.3,1.3527343396262126,1.1964724712671597,1.34,0.00941377715725858,2.12,0.1594698392630914,0.06000000000000005,2.0,0.6715804567420096,1.0,4.467074599748906,1.0,True,1.2
3,1.0,0.3,1.3527343396262126,1.1964724712671597,1.34,0.00941377715725858,2.12,0.1594698392630914,0.06000000000000005,2.0,0.6715804567420096,1.0,4.467074599748906,2.0,True,1.2
4,1.0,0.05,1.6078770758295862,1.5827454501988367,1.6,0.0048990535085039946,3.0100000000000002,0.043106642677044046,0.0033333333333334103,3.0,0.8954406089893462,1.0,4.467074599748906,0.5,True,1.2
4,1.0,0.05,1.6078770758295862,1.5827454501988367,1.6,0.0048990535085039946,3.0100000000000002,0.043106642677044046,0.0033333333333334103,3.0,0.8954406089893462,1.0,4.467074599748906,1.0,True,1.2
4,1.0,0.05,1.6078770758295862,1.5827454501988367,1.6,0.0048990535085039946,3.0100000000000002,0.043106642677044046,0.0033333333333334103,3.0,0.8954406089893462,1.0,4.467074599748906,2.0,True,1.2
4,1.0,0.3,1.7374812167545006,1.5827454501988367,1.73,0.004305782809252498,3.1,0.2063442355436456,0.03333333333333336,3.0,0.8954406089893462,1.0,4.467074599748906,0.5,True,1.2
4,1.0,0.3,1.7374812167545006,1.5827454501988367,1.73,0.004305782809252498,3.1,0.2063442355436456,0.03333333333333336,3.0,0.8954406089893462,1.0,4.467074599748906,1.0,True,1.2
4,1.0,0.3,1.7374812167545006,1.5827454501988367,1.73,0.004305782809252498,3.1,0.2063442355436456,0.03333333333333336,3.0,0.8954406089893462,1.0,4.467074599748906,2.0,True,1.2
2,1.0,0.05,1.080361067807349,1.0551636334658911,1.07,0.009590375029319835,2.0100000000000002,0.021965703888542173,0.0050000000000001155,2.0,0.8954406089893462,2.0,4.467074599748906,0.5,True,1.2
2,1.0,0.05,1.080361067807349,1.0551636334658911,1.07,0.009590375029319835,2.0100000000000002,0.021965703888542173,0.0050000000000001155,2.0,0.8954406089893462,2.0,4.467074599748906,1.0,True,1.2
2,1.0,0.05,1.080361067807349,1.0551636334658911,1.07,0.009590375029319835,2.0100000000000002,0.021965703888542173,0.0050000000000001155,2.0,0.8954406089893462,2.0,4.467074599748906,2.0,True,1.2
2,1.0,0.3,1.2122619779461903,1.0551636334658911,1.2,0.01011495713737102,2.12,0.11739160689948631,0.06000000000000005,2.0,0.8954406089893462,2.0,4.467074599748906,0.5,True,1.2
2,1.0,0.3,1.2122619779461903,1.0551636334658911,1.2,0.01011495713737102,2.12,0.11739160689948631,0.06000000000000005,2.0,0.8954406089893462,2.0,4.467074599748906,1.0,True,1.2
2,1.0,0.3,1.2122619779461903,1.0551636334658911,1.2,0.01011495713737102,2.12,0.11739160689948631,0.06000000000000005,2.0,0.8954406089893462,2.0,4.467074599748906,2.0,True,1.2
3,1.0,0.05,1.732217772106207,1.7070957342201674,1.72,0.00705325410173543,4.0,0.03280137654503995,0.0,4.0,1.3431609134840192,2.0,4.467074599748906,0.5,True,1.2
3,1.0,0.05,1.732217772106207,1.7070957342201674,1.72,0.00705325410173543,4.0,0.03280137654503995,0.0,4.0,1.3431609134840192,2.0,4.467074599748906,1.0,True,1.2
3,1.0,0.05,1.732217772106207,1.7070957342201674,1.72,0.00705325410173543,4.0,0.03280137654503995,0.0,4.0,1.3431609134840192,2.0,4.467074599748906,2.0,True,1.2
3,1.0,0.3,1.8614869011867008,1.7070957342201674,1.85,0.006170820315403663,4.04,0.17071165208552383,0.010000000000000009,4.0,1.3431609134840192,2.0,4.467074599748906,0.5,True,1.2
3,1.0,0.3,1.8614869011867008,1.7070957342201674,1.85,0.006170820315403663,4.04,0.17071165208552383,0.010000000000000009,4.0,1.3431609134840192,2.0,4.467074599748906,1.0,True,1.2
3,1.0,0.3,1.8614869011867008,1.7070957342201674,1.85,0.006170820315403663,4.04,0.17071165208552383,0.010000000000000009,4.0,1.3431609134840192,2.0,4.467074599748906,2.0,True,1.2
4,1.0,0.05,2.1749555090060495,2.1498586042818135,2.16,0.006876236752486031,5.94,0.0516369653277719,0.009999999999999934,6.0,1.7908812179786924,2.0,4.467074599748906,0.5,True,1.2
4,1.0,0.05,2.1749555090060495,2.1498586042818135,2.16,0.006876236752486031,5.94,0.0516369653277719,0.009999999999999934,6.0,1.7908812179786924,2.0,4.467074599748906,1.0,True,1.2
4,1.0,0.05,2.1749555090060495,2.1498586042818135,2.16,0.006876236752486031,5.94,0.0516369653277719,0.009999999999999934,6.0,1.7908812179786924,2.0,4.467074599748906,2.0,True,1.2
4,1.0,0.3,2.3033460741297898,2.1498586042818135,2.29,0.005794211421239382,5.79,0.22073556133579825,0.034999999999999996,6.0,1.7908812179786924,2.0,4.467074599748906,0.5,True,1.2
4,1.0,0.3,2.3033460741297898,2.1498586042818135,2.29,0.005794211421239382,5.79,0.22073556133579825,0.034999999999999996,6.0,1.7908812179786924,2.0,4.467074599748906,1.0,True,1.2
4,1.0,0.3,2.3033460741297898,2.1498586042818135,2.29,0.005794211421239382,5.79,0.22073556133579825,0.034999999999999996,6.0,1.7908812179786924,2.0,4.467074599748906,2.0,True,1.2
2,1.0,0.05,1.5690111974733698,1.5438762581021175,1.56,0.005743233373911407,4.99,0.02209788999025416,0.0019999999999999575,5.0,2.2386015224733655,5.0,4.467074599748906,0.5,True,1.2
2,1.0,0.05,1.5690111974733698,1.5438762581021175,1.56,0.005743233373911407,4.99,0.02209788999025416,0.0019999999999999575,5.0,2.2386015224733655,5.0,4.467074599748906,1.0,True,1.2
2,1.0,0.05,1.5690111974733698,1.5438762581021175,1.56,0.005743233373911407,4.99,0.02209788999025416,0.0019999999999999575,5.0,2.2386015224733655,5.0,4.467074599748906,2.0,True,1.2
2,1.0,0.3,1.6987311059935624,1.5438762581021175,1.69,0.005139781077038513,4.99,0.12243156890852468,0.0019999999999999575,5.0,2.2386015224733655,5.0,4.467074599748906,0.5,True,1.2
2,1.0,0.3,1.6987311059935624,1.5438762581021175,1.69,0.005139781077038513,4.99,0.12243156890852468,0.0019999999999999575,5.0,2.2386015224733655,5.0,4.467074599748906,1.0,True,1.2
2,1.0,0.3,1.6987311059935624,1.5438762581021175,1.69,0.005139781077038513,4.99,0.12243156890852468,0.0019999999999999575,5.0,2.2386015224733655,5.0,4.467074599748906,2.0,True,1.2
3,1.0,0.05,2.3197728053909956,2.2946820164784927,2.31,0.004212828673689175,9.790000000000001,0.09107798511832138,0.020999999999999908,10.0,3.357902283710048,5.0,4.467074599748906,0.5,True,1.2
3,1.0,0.05,2.3197728053909956,2.2946820164784927,2.31,0.004212828673689175,9.790000000000001,0.09107798511832138,0.020999999999999908,10.0,3.357902283710048,5.0,4.467074599748906,1.0,True,1.2
3,1.0,0.05,2.3197728053909956,2.2946820164784927,2.31,0.004212828673689175,9.790000000000001,0.09107798511832138,0.020999999999999908,10.0,3.357902283710048,5.0,4.467074599748906,2.0,True,1.2
3,1.0,0.3,2.447949512494325,2.2946820164784927,2.44,0.0032474168497964935,9.09,0.3420547997208335,0.09100000000000001,10.0,3.357902283710048,5.0,4.467074599748906,0.5,True,1.2
3,1.0,0.3,2.447949512494325,2.2946820164784927,2.44,0.0032474168497964935,9.09,0.3420547997208335,0.09100000000000001,10.0,3.357902283710048,5.0,4.467074599748906,1.0,True,1.2
3,1.0,0.3,2.447949512494325,2.2946820164784927,2.44,0.0032474168497964935,9.09,0.3420547997208335,0.09100000000000001,10.0,3.357902283710048,5.0,4.467074599748906,2.0,True,1.2
4,1.0,0.05,2.7637001244665367,2.7386240526246337,2.75,0.004957167510777294,13.21,0.4363876827925687,0.11933333333333328,15.0,4.477203044946731,5.0,4.467074599748906,0.5,True,1.2
4,1.0,0.05,2.7637001244665367,2.7386240526246337,2.75,0.004957167510777294,13.21,0.4363876827925687,0.11933333333333328,15.0,4.477203044946731,5.0,4.467074599748906,1.0,True,1.2
4,1.0,0.05,2.7637001244665367,2.7386240526246337,2.75,0.004957167510777294,13.21,0.4363876827925687,0.11933333333333328,15.0,4.477203044946731,5.0,4.467074599748906,2.0,True,1.2
4,1.0,0.3,2.891362106587749,2.7386240526246337,2.88,0.003929672648701194,10.72,0.6970700625644863,0.28533333333333327,15.0,4.477203044946731,5.0,4.467074599748906,0.5,True,1.2
4,1.0,0.3,2.891362106587749,2.7386240526246337,2.88,0.003929672648701194,10.72,0.6970700625644863,0.28533333333333327,15.0,4.477203044946731,5.0,4.467074599748906,1.0,True,1.2
4,1.0,0.3,2.891362106587749,2.7386240526246337,2.88,0.003929672648701194,10.72,0.6970700625644863,0.28533333333333327,15.0,4.477203044946731,5.0,4.467074599748906,2.0,True,1.2
2,1.0,0.05,1.8508634753868831,1.8257493684164223,1.84,0.005869409349391511,9.91,0.035621828709626525,0.008999999999999985,10.0,4.477203044946731,10.0,4.467074599748906,0.5,True,1.2
2,1.0,0.05,1.8508634753868831,1.8257493684164223,1.84,0.005869409349391511,9.91,0.035621828709626525,0.008999999999999985,10.0,4.477203044946731,10.0,4.467074599748906,1.0,True,1.2
2,1.0,0.05,1.8508634753868831,1.8257493684164223,1.84,0.005869409349391511,9.91,0.035621828709626525,0.008999999999999985,10.0,4.477203044946731,10.0,4.467074599748906,2.0,True,1.2
2,1.0,0.3,1.9798554233468466,1.8257493684164223,1.97,0.00497785001401089,9.58,0.18010383105035654,0.041999999999999996,10.0,4.477203044946731,10.0,4.467074599748906,0.5,True,1.2
2,1.0,0.3,1.9798554233468466,1.8257493684164223,1.97,0.00497785001401089,9.58,0.18010383105035654,0.041999999999999996,10.0,4.477203044946731,10.0,4.467074599748906,1.0,True,1.2
2,1.0,0.3,1.9798554233468466,1.8257493684164223,1.97,0.00497785001401089,9.58,0.18010383105035654,0.041999999999999996,10.0,4.477203044946731,10.0,4.467074599748906,2.0,True,1.2
3,1.0,0.05,2.6171626142128237,2.592082241746997,2.61,0.0027367860804393155,18.45,0.2901859560176855,0.07750000000000004,20.0,6.715804567420096,10.0,4.467074599748906,0.5,True,1.2
3,1.0,0.05,2.6171626142128237,2.592082241746997,2.61,0.0027367860804393155,18.45,0.2901859560176855,0.07750000000000004,20.0,6.715804567420096,10.0,4.467074599748906,1.0,True,1.2
3,1.0,0.05,2.6171626142128237,2.592082241746997,2.61,0.0027367860804393155,18.45,0.2901859560176855,0.07750000000000004,20.0,6.715804567420096,10.0,4.467074599748906,2.0,True,1.2
3,1.0,0.3,2.744975022704855,2.592082241746997,2.73,0.005455431317585876,14.73,0.669042731930862,0.26349999999999996,20.0,6.715804567420096,10.0,4.467074599748906,0.5,True,1.2
3,1.0,0.3,2.744975022704855,2.592082241746997,2.73,0.005455431317585876,14.73,0.669042731930862,0.26349999999999996,20.0,6.715804567420096,10.0,4.467074599748906,1.0,True,1.2
3,1.0,0.3,2.744975022704855,2.592082241746997,2.73,0.005455431317585876,14.73,0.669042731930862,0.26349999999999996,20.0,6.715804567420096,10.0,4.467074599748906,2.0,True,1.2
4,1.0,0.05,3.03880995031894,3.0137408228159877,3.0300000000000002,0.002899144883349871,19.5,0.81435294592454,0.35,30.0,8.954406089893462,10.0,4.467074599748906,0.5,True,1.2
4,1.0,0.05,3.03880995031894,3.0137408228159877,3.0300000000000002,0.002899144883349871,19.5,0.81435294592454,0.35,30.0,8.954406089893462,10.0,4.467074599748906,1.0,True,1.2
4,1.0,0.05,3.03880995031894,3.0137408228159877,3.0300000000000002,0.002899144883349871,19.5,0.81435294592454,0.35,30.0,8.954406089893462,10.0,4.467074599748906,2.0,True,1.2
4,1.0,0.3,3.166229013442023,3.0137408228159877,3.16,0.0019673287736224985,14.17,0.8776463097875836,0.5276666666666666,30.0,8.954406089893462,10.0,4.467074599748906,0.5,True,1.2
4,1.0,0.3,3.166229013442023,3.0137408228159877,3.16,0.0019673287736224985,14.17,0.8776463097875836,0.5276666666666666,30.0,8.954406089893462,10.0,4.467074599748906,1.0,True,1.2
4,1.0,0.3,3.166229013442023,3.0137408228159877,3.16,0.0019673287736224985,14.17,0.8776463097875836,0.5276666666666666,30.0,8.954406089893462,10.0,4.467074599748906,2.0,True,1.2
2,1.0,0.05,2.034264239203822,2.0091605485439916,2.02,0.007011989361522035,19.61,0.06942430707281444,0.019500000000000028,20.0,8.954406089893462,20.0,4.467074599748906,0.5,True,1.2
2,1.0,0.05,2.034264239203822,2.0091605485439916,2.02,0.007011989361522035,19.61,0.06942430707281444,0.019500000000000028,20.0,8.954406089893462,20.0,4.467074599748906,1.0,True,1.2
2,1.0,0.05,2.034264239203822,2.0091605485439916,2.02,0.007011989361522035,19.61,0.06942430707281444,0.019500000000000028,20.0,8.954406089893462,20.0,4.467074599748906,2.0,True,1.2
2,1.0,0.3,2.162892064460987,2.0091605485439916,2.15,0.005960567645894037,17.990000000000002,0.316102263160842,0.1004999999999999,20.0,8.954406089893462,20.0,4.467074599748906,0.5,True,1.2
2,1.0,0.3,2.162892064460987,2.0091605485439916,2.15,0.005960567645894037,17.990000000000002,0.316102263160842,0.1004999999999999,20.0,8.954406089893462,20.0,4.467074599748906,1.0,True,1.2
2,1.0,0.3,2.162892064460987,2.0091605485439916,2.15,0.005960567645894037,17.990000000000002,0.316102263160842,0.1004999999999999,20.0,8.954406089893462,20.0,4.467074599748906,2.0,True,1.2
3,1.0,0.05,2.7967688559151784,2.7716936916919166,2.79,0.0024202414514385897,30.92,0.6344267670461797,0.22699999999999995,40.0,13.431609134840192,20.0,4.467074599748906,0.5,True,1.2
3,1.0,0.05,2.7967688559151784,2.7716936916919166,2.79,0.0024202414514385897,30.92,0.6344267670461797,0.22699999999999995,40.0,13.431609134840192,20.0,4.467074599748906,1.0,True,1.2
3,1.0,0.05,2.7967688559151784,2.7716936916919166,2.79,0.0024202414514385897,30.92,0.6344267670461797,0.22699999999999995,40.0,13.431609134840192,20.0,4.467074599748906,2.0,True,1.2
3,1.0,0.3,2.9243990902079164,2.7716936916919166,2.91,0.0049237774201648255,20.55,0.874026901229428,0.48624999999999996,40.0,13.431609134840192,20.0,4.467074599748906,0.5,True,1.2
3,1.0,0.3,2.9243990902079164,2.7716936916919166,2.91,0.0049237774201648255,20.55,0.874026901229428,0.48624999999999996,40.0,13.431609134840192,20.0,4.467074599748906,1.0,True,1.2
3,1.0,0.3,2.9243990902079164,2.7716936916919166,2.91,0.0049237774201648255,20.55,0.874026901229428,0.48624999999999996,40.0,13.431609134840192,20.0,4.467074599748906,2.0,True,1.2
4,1.0,0.05,3.1981893518076427,3.1731236964815057,3.19,0.0025606213099965795,26.990000000000002,0.9349149921523384,0.5501666666666666,60.0,17.908812179786924,20.0,4.467074599748906,0.5,True,1.2
4,1.0,0.05,3.1981893518076427,3.1731236964815057,3.19,0.0025606213099965795,26.990000000000002,0.9349149921523384,0.5501666666666666,60.0,17.908812179786924,20.0,4.467074599748906,1.0,True,1.2
4,1.0,0.05,3.1981893518076427,3.1731236964815057,3.19,0.0025606213099965795,26.990000000000002,0.9349149921523384,0.5501666666666666,60.0,17.908812179786924,20.0,4.467074599748906,2.0,True,1.2
4,1.0,0.3,3.325486945958236,3.1731236964815057,3.3200000000000003,0.0016499676731266087,17.93,0.9429910409558189,0.7011666666666667,60.0,17.908812179786924,20.0,4.467074599748906,0.5,True,1.2
4,1.0,0.3,3.325486945958236,3.1731236964815057,3.3200000000000003,0.0016499676731266087,17.93,0.9429910409558189,0.7011666666666667,60.0,17.908812179786924,20.0,4.467074599748906,1.0,True,1.2
4,1.0,0.3,3.325486945958236,3.1731236964815057,3.3200000000000003,0.0016499676731266087,17.93,0.9429910409558189,0.7011666666666667,60.0,17.908812179786924,20.0,4.467074599748906,2.0,True,1.2
2,1.0,0.05,0.508833636308052,0.48340274053968085,0.5,0.01736055888943641,1.01,0.05126796340053657,0.010000000000000009,1.0,1.0686684541415288,1.0,1.8714878241695816,0.5,True,1.5
2,1.0,0.05,0.508833636308052,0.48340274053968085,0.5,0.01736055888943641,1.01,0.05126796340053657,0.010000000000000009,1.0,1.0686684541415288,1.0,1.8714878241695816,1.0,True,1.5
2,1.0,0.05,0.508833636308052,0.48340274053968085,0.5,0.01736055888943641,1.01,0.05126796340053657,0.010000000000000009,1.0,1.0686684541415288,1.0,1.8714878241695816,2.0,True,1.5
2,1.0,0.3,0.6488190663384206,0.48340274053968085,0.64,0.01359248948738596,1.11,0.24066537696598506,0.1100000000000001,1.0,1.0686684541415288,1.0,1.8714878241695816,0.5,True,1.5
2,1.0,0.3,0.6488190663384206,0.48340274053968085,0.64,0.01359248948738596,1.11,0.24066537696598506,0.1100000000000001,1.0,1.0686684541415288,1.0,1.8714878241695816,1.0,True,1.5
2,1.0,0.3,0.6488190663384206,0.48340274053968085,0.64,0.01359248948738596,1.11,0.24066537696598506,0.1100000000000001,1.0,1.0686684541415288,1.0,1.8714878241695816,2.0,True,1.5
3,1.0,0.05,0.7936145537571554,0.7683434267799303,0.78,0.017155121075717313,1.99,0.07608472095526886,0.0050000000000000044,2.0,1.6030026812122933,1.0,1.8714878241695816,0.5,True,1.5
3,1.0,0.05,0.7936145537571554,0.7683434267799303,0.78,0.017155121075717313,1.99,0.07608472095526886,0.0050000000000000044,2.0,1.6030026812122933,1.0,1.8714878241695816,1.0,True,1.5
3,1.0,0.05,0.7936145537571554,0.7683434267799303,0.78,0.017155121075717313,1.99,0.07608472095526886,0.0050000000000000044,2.0,1.6030026812122933,1.0,1.8714878241695816,2.0,True,1.5
3,1.0,0.3,0.9280799745372121,0.7683434267799303,0.92,0.008706118824771738,2.0100000000000002,0.3366853287794507,0.0050000000000001155,2.0,1.6030026812122933,1.0,1.8714878241695816,0.5,True,1.5
3,1.0,0.3,0.9280799745372121,0.7683434267799303,0.92,0.008706118824771738,2.0100000000000002,0.3366853287794507,0.0050000000000001155,2.0,1.6030026812122933,1.0,1.8714878241695816,1.0,True,1.5
3,1.0,0.3,0.9280799745372121,0.7683434267799303,0.92,0.008706118824771738,2.0100000000000002,0.3366853287794507,0.0050000000000001155,2.0,1.6030026812122933,1.0,1.8714878241695816,2.0,True,1.5
4,1.0,0.05,0.9814428654331105,0.9562250047419304,0.97,0.01165922728274237,2.88,0.16662350877789484,0.040000000000000036,3.0,2.1373369082830576,1.0,1.8714878241695816,0.5,True,1.5
4,1.0,0.05,0.9814428654331105,0.9562250047419304,0.97,0.01165922728274237,2.88,0.16662350877789484,0.040000000000000036,3.0,2.1373369082830576,1.0,1.8714878241695816,1.0,True,1.5
4,1.0,0.05,0.9814428654331105,0.9562250047419304,0.97,0.01165922728274237,2.88,0.16662350877789484,0.040000000000000036,3.0,2.1373369082830576,1.0,1.8714878241695816,2.0,True,1.5
4,1.0,0.3,1.1140555102427563,0.9562250047419304,1.1,0.012616525939262628,2.73,0.4194376309635706,0.09000000000000001,3.0,2.1373369082830576,1.0,1.8714878241695816,0.5,True,1.5
4,1.0,0.3,1.1140555102427563,0.9562250047419304,1.1,0.012616525939262628,2.73,0.4194376309635706,0.09000000000000001,3.0,2.1373369082830576,1.0,1.8714878241695816,1.0,True,1.5
4,1.0,0.3,1.1140555102427563,0.9562250047419304,1.1,0.012616525939262628,2.73,0.4194376309635706,0.09000000000000001,3.0,2.1373369082830576,1.0,1.8714878241695816,2.0,True,1.5
2,1.0,0.05,0.6628101089200512,0.6374833364946203,0.65,0.01932696672493925,1.99,0.05178312755234281,0.0050000000000000044,2.0,2.1373369082830576,2.0,1.8714878241695816,0.5,True,1.5
2,1.0,0.05,0.6628101089200512,0.6374833364946203,0.65,0.01932696672493925,1.99,0.05178312755234281,0.0050000000000000044,2.0,2.1373369082830576,2.0,1.8714878241695816,1.0,True,1.5
2,1.0,0.05,0.6628101089200512,0.6374833364946203,0.65,0.01932696672493925,1.99,0.05178312755234281,0.0050000000000000044,2.0,2.1373369082830576,2.0,1.8714878241695816,2.0,True,1.5
2,1.0,0.3,0.7992051520036851,0.6374833364946203,0.79,0.011517883713095305,2.02,0.2573102927428338,0.010000000000000009,2.0,2.1373369082830576,2.0,1.8714878241695816,0.5,True,1.5
2,1.0,0.3,0.7992051520036851,0.6374833364946203,0.79,0.011517883713095305,2.02,0.2573102927428338,0.010000000000000009,2.0,2.1373369082830576,2.0,1.8714878241695816,1.0,True,1.5
2,1.0,0.3,0.7992051520036851,0.6374833364946203,0.79,0.011517883713095305,2.02,0.2573102927428338,0.010000000000000009,2.0,2.1373369082830576,2.0,1.8714878241695816,2.0,True,1.5
3,1.0,0.05,0.9762401892121823,0.9510211365242214,0.97,0.006392063429818496,3.83,0.17412598748673017,0.04249999999999998,4.0,3.2060053624245866,2.0,1.8714878241695816,0.5,True,1.5
3,1.0,0.05,0.9762401892121823,0.9510211365242214,0.97,0.006392063429818496,3.83,0.17412598748673017,0.04249999999999998,4.0,3.2060053624245866,2.0,1.8714878241695816,1.0,True,1.5
3,1.0,0.05,0.9762401892121823,0.9510211365242214,0.97,0.006392063429818496,3.83,0.17412598748673017,0.04249999999999998,4.0,3.2060053624245866,2.0,1.8714878241695816,2.0,True,1.5
3,1.0,0.3,1.1088943482648566,0.9510211365242214,1.1,0.008020915859814693,3.45,0.47504672716683366,0.13749999999999996,4.0,3.2060053624245866,2.0,1.8714878241695816,0.5,True,1.5
3,1.0,0.3,1.1088943482648566,0.9510211365242214,1.1,0.008020915859814693,3.45,0.47504672716683366,0.13749999999999996,4.0,3.2060053624245866,2.0,1.8714878241695816,1.0,True,1.5
3,1.0,0.3,1.1088943482648566,0.9510211365242214,1.1,0.008020915859814693,3.45,0.47504672716683366,0.13749999999999996,4.0,3.2060053624245866,2.0,1.8714878241695816,2.0,True,1.5
4,1.0,0.05,1.1626942396128412,1.1375110971138842,1.1500000000000001,0.010917951754081183,4.89,0.5676851625660935,0.18500000000000005,6.0,4.274673816566115,2.0,1.8714878241695816,0.5,True,1.5
4,1.0,0.05,1.1626942396128412,1.1375110971138842,1.1500000000000001,0.010917951754081183,4.89,0.5676851625660935,0.18500000000000005,6.0,4.274673816566115,2.0,1.8714878241695816,1.0,True,1.5
4,1.0,0.05,1.1626942396128412,1.1375110971138842,1.1500000000000001,0.010917951754081183,4.89,0.5676851625660935,0.18500000000000005,6.0,4.274673816566115,2.0,1.8714878241695816,2.0,True,1.5
4,1.0,0.3,1.2940968086381501,1.1375110971138842,1.28,0.01089316389937238,4.04,0.7271209492904748,0.32666666666666666,6.0,4.274673816566115,2.0,1.8714878241695816,0.5,True,1.5
4,1.0,0.3,1.2940968086381501,1.1375110971138842,1.28,0.01089316389937238,4.04,0.7271209492904748,0.32666666666666666,6.0,4.274673816566115,2.0,1.8714878241695816,1.0,True,1.5
4,1.0,0.3,1.2940968086381501,1.1375110971138842,1.28,0.01089316389937238,4.04,0.7271209492904748,0.32666666666666666,6.0,4.274673816566115,2.0,1.8714878241695816,2.0,True,1.5
2,1.0,0.05,0.813492289567203,0.7882280013627919,0.8,0.016585639151393994,4.87,0.09575501111686226,0.025999999999999978,5.0,5.343342270707644,5.0,1.8714878241695816,0.5,True,1.5
2,1.0,0.05,0.813492289567203,0.7882280013627919,0.8,0.016585639151393994,4.87,0.09575501111686226,0.025999999999999978,5.0,5.343342270707644,5.0,1.8714878241695816,1.0,True,1.5
2,1.0,0.05,0.813492289567203,0.7882280013627919,0.8,0.016585639151393994,4.87,0.09575501111686226,0.025999999999999978,5.0,5.343342270707644,5.0,1.8714878241695816,2.0,True,1.5
2,1.0,0.3,0.9477201218108695,0.7882280013627919,0.9400000000000001,0.008145993350988602,4.45,0.3841363572602485,0.10999999999999996,5.0,5.343342270707644,5.0,1.8714878241695816,0.5,True,1.5
2,1.0,0.3,0.9477201218108695,0.7882280013627919,0.9400000000000001,0.008145993350988602,4.45,0.3841363572602485,0.10999999999999996,5.0,5.343342270707644,5.0,1.8714878241695816,1.0,True,1.5
2,1.0,0.3,0.9477201218108695,0.7882280013627919,0.9400000000000001,0.008145993350988602,4.45,0.3841363572602485,0.10999999999999996,5.0,5.343342270707644,5.0,1.8714878241695816,2.0,True,1.5
3,1.0,0.05,1.1344484973995674,1.1092606909798108,1.12,0.012736142215963798,8.01,0.5752152367583491,0.199,10.0,8.015013406061467,5.0,1.8714878241695816,0.5,True,1.5
3,1.0,0.05,1.1344484973995674,1.1092606909798108,1.12,0.012736142215963798,8.01,0.5752152367583491,0.199,10.0,8.015013406061467,5.0,1.8714878241695816,1.0,True,1.5
3,1.0,0.05,1.1344484973995674,1.1092606909798108,1.12,0.012736142215963798,8.01,0.5752152367583491,0.199,10.0,8.015013406061467,5.0,1.8714878241695816,2.0,True,1.5
3,1.0,0.3,1.2660137230009096,1.1092606909798108,1.26,0.0047501246563543854,5.75,0.8193400646684141,0.425,10.0,8.015013406061467,5.0,1.8714878241695816,0.5,True,1.5
3,1.0,0.3,1.2660137230009096,1.1092606909798108,1.26,0.0047501246563543854,5.75,0.8193400646684141,0.425,10.0,8.015013406061467,5.0,1.8714878241695816,1.0,True,1.5
3,1.0,0.3,1.2660137230009096,1.1092606909798108,1.26,0.0047501246563543854,5.75,0.8193400646684141,0.425,10.0,8.015013406061467,5.0,1.8714878241695816,2.0,True,1.5
4,1.0,0.05,1.308674323868188,1.2835120129103321,1.3,0.006628328920329294,7.47,0.8893623396370871,0.502,15.0,10.686684541415287,5.0,1.8714878241695816,0.5,True,1.5
4,1.0,0.05,1.308674323868188,1.2835120129103321,1.3,0.006628328920329294,7.47,0.8893623396370871,0.502,15.0,10.686684541415287,5.0,1.8714878241695816,1.0,True,1.5
4,1.0,0.05,1.308674323868188,1.2835120129103321,1.3,0.006628328920329294,7.47,0.8893623396370871,0.502,15.0,10.686684541415287,5.0,1.8714878241695816,2.0,True,1.5
4,1.0,0.3,1.439350041589033,1.2835120129103321,1.43,0.006496016478875904,5.65,0.9040823812581836,0.6233333333333333,15.0,10.686684541415287,5.0,1.8714878241695816,0.5,True,1.5
4,1.0,0.3,1.439350041589033,1.2835120129103321,1.43,0.006496016478875904,5.65,0.9040823812581836,0.6233333333333333,15.0,10.686684541415287,5.0,1.8714878241695816,1.0,True,1.5
4,1.0,0.3,1.439350041589033,1.2835120129103321,1.43,0.006496016478875904,5.65,0.9040823812581836,0.6233333333333333,15.0,10.686684541415287,5.0,1.8714878241695816,2.0,True,1.5
2,1.0,0.05,0.880918134013817,0.8556746752735548,0.87,0.012394039346277981,9.46,0.1786513293272686,0.053999999999999916,10.0,10.686684541415287,10.0,1.8714878241695816,0.5,True,1.5
2,1.0,0.05,0.880918134013817,0.8556746752735548,0.87,0.012394039346277981,9.46,0.1786513293272686,0.053999999999999916,10.0,10.686684541415287,10.0,1.8714878241695816,1.0,True,1.5
2,1.0,0.05,0.880918134013817,0.8556746752735548,0.87,0.012394039346277981,9.46,0.1786513293272686,0.053999999999999916,10.0,10.686684541415287,10.0,1.8714878241695816,2.0,True,1.5
2,1.0,0.3,1.0144217843738854,0.8556746752735548,1.0,0.01421675342154322,7.68,0.5810492174000486,0.23200000000000004,10.0,10.686684541415287,10.0,1.8714878241695816,0.5,True,1.5
2,1.0,0.3,1.0144217843738854,0.8556746752735548,1.0,0.01421675342154322,7.68,0.5810492174000486,0.23200000000000004,10.0,10.686684541415287,10.0,1.8714878241695816,1.0,True,1.5
2,1.0,0.3,1.0144217843738854,0.8556746752735548,1.0,0.01421675342154322,7.68,0.5810492174000486,0.23200000000000004,10.0,10.686684541415287,10.0,1.8714878241695816,2.0,True,1.5
3,1.0,0.05,1.19957366274086,1.174396271987245,1.19,0.007980887742221289,11.68,0.840624937819306,0.41600000000000004,20.0,16.030026812122934,10.0,1.8714878241695816,0.5,True,1.5
3,1.0,0.05,1.19957366274086,1.174396271987245,1.19,0.007980887742221289,11.68,0.840624937819306,0.41600000000000004,20.0,16.030026812122934,10.0,1.8714878241695816,1.0,True,1.5
3,1.0,0.05,1.19957366274086,1.174396271987245,1.19,0.007980887742221289,11.68,0.840624937819306,0.41600000000000004,20.0,16.030026812122934,10.0,1.8714878241695816,2.0,True,1.5
3,1.0,0.3,1.3307755972352797,1.174396271987245,1.32,0.008097230861210735,7.47,0.9248468611910822,0.6265000000000001,20.0,16.030026812122934,10.0,1.8714878241695816,0.5,True,1.5
3,1.0,0.3,1.3307755972352797,1.174396271987245,1.32,0.008097230861210735,7.47,0.9248468611910822,0.6265000000000001,20.0,16.030026812122934,10.0,1.8714878241695816,1.0,True,1.5
3,1.0,0.3,1.3307755972352797,1.174396271987245,1.32,0.008097230861210735,7.47,0.9248468611910822,0.6265000000000001,20.0,16.030026812122934,10.0,1.8714878241695816,2.0,True,1.5
4,1.0,0.05,1.3660352268610116,1.3408798598429297,1.36,0.004418060927227906,9.94,0.9512416200465582,0.6686666666666667,30.0,21.373369082830575,10.0,1.8714878241695816,0.5,True,1.5
4,1.0,0.05,1.3660352268610116,1.3408798598429297,1.36,0.004418060927227906,9.94,0.9512416200465582,0.6686666666666667,30.0,21.373369082830575,10.0,1.8714878241695816,1.0,True,1.5
4,1.0,0.05,1.3660352268610116,1.3408798598429297,1.36,0.004418060927227906,9.94,0.9512416200465582,0.6686666666666667,30.0,21.373369082830575,10.0,1.8714878241695816,2.0,True,1.5
4,1.0,0.3,1.4964685412579715,1.3408798598429297,1.49,0.004322537413672487,6.890000000000001,0.9529794061362676,0.7703333333333333,30.0,21.373369082830575,10.0,1.8714878241695816,0.5,True,1.5
4,1.0,0.3,1.4964685412579715,1.3408798598429297,1.49,0.004322537413672487,6.890000000000001,0.9529794061362676,0.7703333333333333,30.0,21.373369082830575,10.0,1.8714878241695816,1.0,True,1.5
4,1.0,0.3,1.4964685412579715,1.3408798598429297,1.49,0.004322537413672487,6.890000000000001,0.9529794061362676,0.7703333333333333,30.0,21.373369082830575,10.0,1.8714878241695816,2.0,True,1.5
2,1.0,0.05,0.9191529503386932,0.8939199065619531,0.91,0.009958027480976269,17.88,0.3139455931273907,0.10600000000000005,20.0,21.373369082830575,20.0,1.8714878241695816,0.5,True,1.5
2,1.0,0.05,0.9191529503386932,0.8939199065619531,0.91,0.009958027480976269,17.88,0.3139455931273907,0.10600000000000005,20.0,21.373369082830575,20.0,1.8714878241695816,1.0,True,1.5
2,1.0,0.05,0.9191529503386932,0.8939199065619531,0.91,0.009958027480976269,17.88,0.3139455931273907,0.10600000000000005,20.0,21.373369082830575,20.0,1.8714878241695816,2.0,True,1.5
2,1.0,0.3,1.0522942129478434,0.8939199065619531,1.04,0.011683246754159184,12.15,0.7637174514651778,0.39249999999999996,20.0,21.373369082830575,20.0,1.8714878241695816,0.5,True,1.5
2,1.0,0.3,1.0522942129478434,0.8939199065619531,1.04,0.011683246754159184,12.15,0.7637174514651778,0.39249999999999996,20.0,21.373369082830575,20.0,1.8714878241695816,1.0,True,1.5
2,1.0,0.3,1.0522942129478434,0.8939199065619531,1.04,0.011683246754159184,12.15,0.7637174514651778,0.39249999999999996,20.0,21.373369082830575,20.0,1.8714878241695816,2.0,True,1.5
3,1.0,0.05,1.2350915754673413,1.2099193925887783,1.23,0.004122427493212162,17.02,0.9444579902707299,0.5745,40.0,32.06005362424587,20.0,1.8714878241695816,0.5,True,1.5
3,1.0,0.05,1.2350915754673413,1.2099193925887783,1.23,0.004122427493212162,17.02,0.9444579902707299,0.5745,40.0,32.06005362424587,20.0,1.8714878241695816,1.0,True,1.5
3,1.0,0.05,1.2350915754673413,1.2099193925887783,1.23,0.004122427493212162,17.02,0.9444579902707299,0.5745,40.0,32.06005362424587,20.0,1.8714878241695816,2.0,True,1.5
3,1.0,0.3,1.3661118103254843,1.2099193925887783,1.36,0.00447387269423289,9.44,0.9661251536880049,0.764,40.0,32.06005362424587,20.0,1.8714878241695816,0.5,True,1.5
3,1.0,0.3,1.3661118103254843,1.2099193925887783,1.36,0.00447387269423289,9.44,0.9661251536880049,0.764,40.0,32.06005362424587,20.0,1.8714878241695816,1.0,True,1.5
3,1.0,0.3,1.3661118103254843,1.2099193925887783,1.36,0.00447387269423289,9.44,0.9661251536880049,0.764,40.0,32.06005362424587,20.0,1.8714878241695816,2.0,True,1.5
4,1.0,0.05,1.3966827226056155,1.3715308275737184,1.3900000000000001,0.004784710584196463,14.66,0.9763848797839983,0.7556666666666667,60.0,42.74673816566115,20.0,1.8714878241695816,0.5,True,1.5
4,1.0,0.05,1.3966827226056155,1.3715308275737184,1.3900000000000001,0.004784710584196463,14.66,0.9763848797839983,0.7556666666666667,60.0,42.74673816566115,20.0,1.8714878241695816,1.0,True,1.5
4,1.0,0.05,1.3966827226056155,1.3715308275737184,1.3900000000000001,0.004784710584196463,14.66,0.9763848797839983,0.7556666666666667,60.0,42.74673816566115,20.0,1.8714878241695816,2.0,True,1.5
4,1.0,0.3,1.526994814310674,1.3715308275737184,1.52,0.004580771489935669,8.18,0.9765831398633491,0.8636666666666667,60.0,42.74673816566115,20.0,1.8714878241695816,0.5,True,1.5
4,1.0,0.3,1.526994814310674,1.3715308275737184,1.52,0.004580771489935669,8.18,0.9765831398633491,0.8636666666666667,60.0,42.74673816566115,20.0,1.8714878241695816,1.0,True,1.5
4,1.0,0.3,1.526994814310674,1.3715308275737184,1.52,0.004580771489935669,8.18,0.9765831398633491,0.8636666666666667,60.0,42.74673816566115,20.0,1.8714878241695816,2.0,True,1.5
