condition,seed,eta,aulc,final_reward
device,1000,0.0001,0.07666666666666666,0.04
device,1001,0.0001,0.06,0.06
device,1002,0.0001,0.043333333333333335,0.08
device,1003,0.0001,0.07,0.07
device,1004,0.0001,0.05333333333333334,0.09
device,1005,0.0001,0.06666666666666667,0.06
device,1006,0.0001,0.04666666666666667,0.07
device,1007,0.0001,0.06333333333333334,0.08
device,1008,0.0001,0.07333333333333333,0.09
device,1009,0.0001,0.07333333333333333,0.13
device,1010,0.0001,0.08333333333333333,0.07
device,1011,0.0001,0.06333333333333334,0.05
device,1012,0.0001,0.08,0.08
device,1013,0.0001,0.05333333333333334,0.05
device,1014,0.0001,0.08666666666666667,0.08
device,1015,0.0001,0.04666666666666667,0.05
device,1016,0.0001,0.06333333333333334,0.09
device,1017,0.0001,0.06333333333333334,0.07
device,1018,0.0001,0.06333333333333334,0.04
device,1019,0.0001,0.07333333333333333,0.09
device,1000,0.001,0.09666666666666666,0.18
device,1001,0.001,0.1,0.13
device,1002,0.001,0.09666666666666666,0.2
device,1003,0.001,0.12666666666666668,0.18
device,1004,0.001,0.10333333333333333,0.19
device,1005,0.001,0.09,0.11
device,1006,0.001,0.07333333333333333,0.13
device,1007,0.001,0.09,0.14
device,1008,0.001,0.09,0.09
device,1009,0.001,0.11333333333333333,0.08
device,1010,0.001,0.08,0.11
device,1011,0.001,0.10666666666666667,0.14
device,1012,0.001,0.07333333333333333,0.1
device,1013,0.001,0.14666666666666667,0.22
device,1014,0.001,0.08666666666666667,0.08
device,1015,0.001,0.07333333333333333,0.13
device,1016,0.001,0.12,0.14
device,1017,0.001,0.11333333333333333,0.16
device,1018,0.001,0.12666666666666668,0.22
device,1019,0.001,0.10333333333333333,0.1
device,1000,0.01,0.4166666666666667,0.42
device,1001,0.01,0.5133333333333333,0.56
device,1002,0.01,0.46,0.51
device,1003,0.01,0.4666666666666667,0.48
device,1004,0.01,0.48333333333333334,0.54
device,1005,0.01,0.25666666666666665,0.19
device,1006,0.01,0.42,0.53
device,1007,0.01,0.4266666666666667,0.42
device,1008,0.01,0.6266666666666667,0.66
device,1009,0.01,0.4666666666666667,0.51
device,1010,0.01,0.39666666666666667,0.42
device,1011,0.01,0.5066666666666667,0.6
device,1012,0.01,0.3233333333333333,0.41
device,1013,0.01,0.5133333333333333,0.55
device,1014,0.01,0.38666666666666666,0.4
device,1015,0.01,0.5466666666666666,0.61
device,1016,0.01,0.15666666666666668,0.18
device,1017,0.01,0.3566666666666667,0.39
device,1018,0.01,0.4866666666666667,0.53
device,1019,0.01,0.6466666666666666,0.67
device,1000,0.03,0.3933333333333333,0.42
device,1001,0.03,0.38666666666666666,0.56
device,1002,0.03,0.44333333333333336,0.42
device,1003,0.03,0.39,0.38
device,1004,0.03,0.4033333333333333,0.39
device,1005,0.03,0.36,0.43
device,1006,0.03,0.47,0.51
device,1007,0.03,0.38,0.39
device,1008,0.03,0.52,0.54
device,1009,0.03,0.5533333333333333,0.59
device,1010,0.03,0.5233333333333333,0.56
device,1011,0.03,0.55,0.56
device,1012,0.03,0.5233333333333333,0.55
device,1013,0.03,0.44,0.46
device,1014,0.03,0.38,0.4
device,1015,0.03,0.4266666666666667,0.48
device,1016,0.03,0.5266666666666666,0.52
device,1017,0.03,0.4066666666666667,0.43
device,1018,0.03,0.5533333333333333,0.55
device,1019,0.03,0.5066666666666667,0.54
device,1000,0.1,0.22,0.33
device,1001,0.1,0.23666666666666666,0.32
device,1002,0.1,0.3,0.31
device,1003,0.1,0.33666666666666667,0.26
device,1004,0.1,0.4,0.46
device,1005,0.1,0.27,0.26
device,1006,0.1,0.18666666666666668,0.19
device,1007,0.1,0.26666666666666666,0.3
device,1008,0.1,0.88,1.0
device,1009,0.1,0.41,0.4
device,1010,0.1,0.3466666666666667,0.21
device,1011,0.1,0.58,0.83
device,1012,0.1,0.8,1.0
device,1013,0.1,0.32666666666666666,0.37
device,1014,0.1,0.4866666666666667,0.48
device,1015,0.1,0.32,0.36
device,1016,0.1,0.41,0.58
device,1017,0.1,0.3433333333333333,0.36
device,1018,0.1,0.7533333333333333,1.0
device,1019,0.1,0.37333333333333335,0.48
device,1000,0.3,0.14666666666666667,0.15
device,1001,0.3,0.20666666666666667,0.21
device,1002,0.3,0.25333333333333335,0.26
device,1003,0.3,0.11333333333333333,0.13
device,1004,0.3,0.19333333333333333,0.21
device,1005,0.3,0.15666666666666668,0.13
device,1006,0.3,0.25,0.32
device,1007,0.3,0.13333333333333333,0.08
device,1008,0.3,0.22333333333333333,0.34
device,1009,0.3,0.17333333333333334,0.15
device,1010,0.3,0.2,0.36
device,1011,0.3,0.21666666666666667,0.34
device,1012,0.3,0.11666666666666667,0.12
device,1013,0.3,0.2,0.29
device,1014,0.3,0.12666666666666668,0.16
device,1015,0.3,0.12333333333333334,0.11
device,1016,0.3,0.39666666666666667,0.67
device,1017,0.3,0.34,0.53
device,1018,0.3,0.12333333333333334,0.06
device,1019,0.3,0.17666666666666667,0.18
device,1000,1.0,0.07666666666666666,0.1
device,1001,1.0,0.06666666666666667,0.05
device,1002,1.0,0.07,0.07
device,1003,1.0,0.08333333333333333,0.1
device,1004,1.0,0.07666666666666666,0.1
device,1005,1.0,0.09,0.12
device,1006,1.0,0.06333333333333334,0.1
device,1007,1.0,0.07,0.07
device,1008,1.0,0.11333333333333333,0.18
device,1009,1.0,0.07,0.08
device,1010,1.0,0.10666666666666667,0.15
device,1011,1.0,0.32,0.51
device,1012,1.0,0.1,0.13
device,1013,1.0,0.07666666666666666,0.08
device,1014,1.0,0.08666666666666667,0.12
device,1015,1.0,0.07,0.06
device,1016,1.0,0.1,0.09
device,1017,1.0,0.11,0.19
device,1018,1.0,0.14333333333333334,0.24
device,1019,1.0,0.06333333333333334,0.07
device,1000,3.0,0.08666666666666667,0.1
device,1001,3.0,0.07333333333333333,0.08
device,1002,3.0,0.11666666666666667,0.1
device,1003,3.0,0.06333333333333334,0.08
device,1004,3.0,0.06666666666666667,0.08
device,1005,3.0,0.05333333333333334,0.1
device,1006,3.0,0.13,0.19
device,1007,3.0,0.31333333333333335,0.57
device,1008,3.0,0.056666666666666664,0.08
device,1009,3.0,0.05333333333333334,0.07
device,1010,3.0,0.07333333333333333,0.07
device,1011,3.0,0.12666666666666668,0.18
device,1012,3.0,0.08333333333333333,0.05
device,1013,3.0,0.06,0.07
device,1014,3.0,0.06666666666666667,0.09
device,1015,3.0,0.06,0.03
device,1016,3.0,0.07333333333333333,0.14
device,1017,3.0,0.056666666666666664,0.06
device,1018,3.0,0.05,0.08
device,1019,3.0,0.056666666666666664,0.07
device,1000,10.0,0.06,0.04
device,1001,10.0,0.11,0.1
device,1002,10.0,0.043333333333333335,0.05
device,1003,10.0,0.06,0.06
device,1004,10.0,0.07666666666666666,0.07
device,1005,10.0,0.056666666666666664,0.02
device,1006,10.0,0.08,0.05
device,1007,10.0,0.06,0.08
device,1008,10.0,0.05,0.07
device,1009,10.0,0.05,0.04
device,1010,10.0,0.07333333333333333,0.09
device,1011,10.0,0.12333333333333334,0.13
device,1012,10.0,0.07333333333333333,0.04
device,1013,10.0,0.043333333333333335,0.03
device,1014,10.0,0.05,0.05
device,1015,10.0,0.05333333333333334,0.05
device,1016,10.0,0.05333333333333334,0.05
device,1017,10.0,0.07,0.04
device,1018,10.0,0.06,0.05
device,1019,10.0,0.043333333333333335,0.03
device,1000,100.0,0.056666666666666664,0.03
device,1001,100.0,0.11,0.1
device,1002,100.0,0.043333333333333335,0.06
device,1003,100.0,0.056666666666666664,0.06
device,1004,100.0,0.056666666666666664,0.05
device,1005,100.0,0.07333333333333333,0.07
device,1006,100.0,0.08,0.05
device,1007,100.0,0.04,0.02
device,1008,100.0,0.05333333333333334,0.06
device,1009,100.0,0.06333333333333334,0.07
device,1010,100.0,0.07333333333333333,0.09
device,1011,100.0,0.12333333333333334,0.13
device,1012,100.0,0.08,0.06
device,1013,100.0,0.04666666666666667,0.06
device,1014,100.0,0.06333333333333334,0.08
device,1015,100.0,0.05333333333333334,0.06
device,1016,100.0,0.05,0.07
device,1017,100.0,0.06666666666666667,0.03
device,1018,100.0,0.056666666666666664,0.04
device,1019,100.0,0.05333333333333334,0.07
linear_device,1000,0.0001,0.06,0.08
linear_device,1001,0.0001,0.1,0.08
linear_device,1002,0.0001,0.06666666666666667,0.06
linear_device,1003,0.0001,0.09333333333333334,0.09
linear_device,1004,0.0001,0.07666666666666666,0.1
linear_device,1005,0.0001,0.07666666666666666,0.1
linear_device,1006,0.0001,0.08,0.12
linear_device,1007,0.0001,0.07333333333333333,0.07
linear_device,1008,0.0001,0.06,0.08
linear_device,1009,0.0001,0.04666666666666667,0.05
linear_device,1010,0.0001,0.06666666666666667,0.05
linear_device,1011,0.0001,0.07333333333333333,0.07
linear_device,1012,0.0001,0.07,0.05
linear_device,1013,0.0001,0.06,0.06
linear_device,1014,0.0001,0.10333333333333333,0.14
linear_device,1015,0.0001,0.07333333333333333,0.06
linear_device,1016,0.0001,0.08666666666666667,0.1
linear_device,1017,0.0001,0.06,0.05
linear_device,1018,0.0001,0.09666666666666666,0.09
linear_device,1019,0.0001,0.08333333333333333,0.1
linear_device,1000,0.001,0.30666666666666664,0.38
linear_device,1001,0.001,0.2833333333333333,0.3
linear_device,1002,0.001,0.3333333333333333,0.33
linear_device,1003,0.001,0.29333333333333333,0.33
linear_device,1004,0.001,0.29,0.51
linear_device,1005,0.001,0.25666666666666665,0.39
linear_device,1006,0.001,0.24666666666666667,0.4
linear_device,1007,0.001,0.2833333333333333,0.41
linear_device,1008,0.001,0.26,0.43
linear_device,1009,0.001,0.34,0.37
linear_device,1010,0.001,0.30666666666666664,0.38
linear_device,1011,0.001,0.25333333333333335,0.4
linear_device,1012,0.001,0.34,0.39
linear_device,1013,0.001,0.2733333333333333,0.39
linear_device,1014,0.001,0.30333333333333334,0.27
linear_device,1015,0.001,0.25,0.31
linear_device,1016,0.001,0.26666666666666666,0.39
linear_device,1017,0.001,0.23666666666666666,0.32
linear_device,1018,0.001,0.25333333333333335,0.47
linear_device,1019,0.001,0.25,0.4
linear_device,1000,0.01,0.6666666666666666,0.81
linear_device,1001,0.01,0.6466666666666666,0.63
linear_device,1002,0.01,0.6033333333333334,0.68
linear_device,1003,0.01,0.6666666666666666,0.82
linear_device,1004,0.01,0.52,0.67
linear_device,1005,0.01,0.6133333333333333,0.75
linear_device,1006,0.01,0.72,0.87
linear_device,1007,0.01,0.7366666666666667,0.88
linear_device,1008,0.01,0.6433333333333333,0.78
linear_device,1009,0.01,0.7166666666666667,0.82
linear_device,1010,0.01,0.69,0.86
linear_device,1011,0.01,0.6633333333333333,0.88
linear_device,1012,0.01,0.62,0.81
linear_device,1013,0.01,0.6933333333333334,0.82
linear_device,1014,0.01,0.7,0.82
linear_device,1015,0.01,0.67,0.84
linear_device,1016,0.01,0.6233333333333333,0.77
linear_device,1017,0.01,0.6033333333333334,0.76
linear_device,1018,0.01,0.6933333333333334,0.85
linear_device,1019,0.01,0.6266666666666667,0.79
linear_device,1000,0.03,0.96,1.0
linear_device,1001,0.03,0.9333333333333333,1.0
linear_device,1002,0.03,0.9833333333333333,1.0
linear_device,1003,0.03,0.97,1.0
linear_device,1004,0.03,0.95,1.0
linear_device,1005,0.03,0.94,1.0
linear_device,1006,0.03,0.9633333333333334,1.0
linear_device,1007,0.03,0.9766666666666667,1.0
linear_device,1008,0.03,0.9433333333333334,1.0
linear_device,1009,0.03,0.9566666666666667,1.0
linear_device,1010,0.03,0.96,1.0
linear_device,1011,0.03,0.9233333333333333,1.0
linear_device,1012,0.03,0.84,1.0
linear_device,1013,0.03,0.95,1.0
linear_device,1014,0.03,0.9433333333333334,1.0
linear_device,1015,0.03,0.94,1.0
linear_device,1016,0.03,0.9,1.0
linear_device,1017,0.03,0.92,1.0
linear_device,1018,0.03,0.95,1.0
linear_device,1019,0.03,0.92,1.0
linear_device,1000,0.1,0.3433333333333333,0.39
linear_device,1001,0.1,0.30333333333333334,0.32
linear_device,1002,0.1,0.32,0.34
linear_device,1003,0.1,0.43666666666666665,0.49
linear_device,1004,0.1,0.7766666666666666,1.0
linear_device,1005,0.1,0.35333333333333333,0.48
linear_device,1006,0.1,0.30333333333333334,0.28
linear_device,1007,0.1,0.32666666666666666,0.39
linear_device,1008,0.1,0.30333333333333334,0.38
linear_device,1009,0.1,0.33,0.36
linear_device,1010,0.1,0.44666666666666666,0.55
linear_device,1011,0.1,0.3233333333333333,0.33
linear_device,1012,0.1,0.44333333333333336,0.74
linear_device,1013,0.1,0.3566666666666667,0.43
linear_device,1014,0.1,0.35333333333333333,0.45
linear_device,1015,0.1,0.2966666666666667,0.3
linear_device,1016,0.1,0.36666666666666664,0.39
linear_device,1017,0.1,0.33666666666666667,0.39
linear_device,1018,0.1,0.32,0.35
linear_device,1019,0.1,0.30333333333333334,0.31
linear_device,1000,0.3,0.15666666666666668,0.26
linear_device,1001,0.3,0.16,0.3
linear_device,1002,0.3,0.12666666666666668,0.14
linear_device,1003,0.3,0.12,0.13
linear_device,1004,0.3,0.14,0.18
linear_device,1005,0.3,0.14333333333333334,0.15
linear_device,1006,0.3,0.12,0.13
linear_device,1007,0.3,0.13,0.15
linear_device,1008,0.3,0.13333333333333333,0.12
linear_device,1009,0.3,0.11,0.14
linear_device,1010,0.3,0.16,0.18
linear_device,1011,0.3,0.12,0.14
linear_device,1012,0.3,0.11333333333333333,0.14
linear_device,1013,0.3,0.17333333333333334,0.18
linear_device,1014,0.3,0.14666666666666667,0.17
linear_device,1015,0.3,0.15,0.13
linear_device,1016,0.3,0.13666666666666666,0.12
linear_device,1017,0.3,0.13,0.12
linear_device,1018,0.3,0.1,0.1
linear_device,1019,0.3,0.11333333333333333,0.12
linear_device,1000,1.0,0.07333333333333333,0.08
linear_device,1001,1.0,0.07,0.08
linear_device,1002,1.0,0.07,0.09
linear_device,1003,1.0,0.1,0.1
linear_device,1004,1.0,0.06,0.07
linear_device,1005,1.0,0.06666666666666667,0.08
linear_device,1006,1.0,0.08,0.06
linear_device,1007,1.0,0.06333333333333334,0.08
linear_device,1008,1.0,0.08,0.1
linear_device,1009,1.0,0.07,0.08
linear_device,1010,1.0,0.07,0.07
linear_device,1011,1.0,0.11,0.12
linear_device,1012,1.0,0.06666666666666667,0.08
linear_device,1013,1.0,0.06,0.08
linear_device,1014,1.0,0.08,0.07
linear_device,1015,1.0,0.07666666666666666,0.07
linear_device,1016,1.0,0.06,0.06
linear_device,1017,1.0,0.06666666666666667,0.07
linear_device,1018,1.0,0.08333333333333333,0.07
linear_device,1019,1.0,0.08333333333333333,0.05
linear_device,1000,3.0,0.056666666666666664,0.04
linear_device,1001,3.0,0.09666666666666666,0.06
linear_device,1002,3.0,0.043333333333333335,0.06
linear_device,1003,3.0,0.06333333333333334,0.1
linear_device,1004,3.0,0.07,0.07
linear_device,1005,3.0,0.056666666666666664,0.05
linear_device,1006,3.0,0.08666666666666667,0.07
linear_device,1007,3.0,0.08333333333333333,0.1
linear_device,1008,3.0,0.056666666666666664,0.08
linear_device,1009,3.0,0.06,0.04
linear_device,1010,3.0,0.08,0.13
linear_device,1011,3.0,0.12333333333333334,0.13
linear_device,1012,3.0,0.08666666666666667,0.12
linear_device,1013,3.0,0.05333333333333334,0.08
linear_device,1014,3.0,0.06666666666666667,0.08
linear_device,1015,3.0,0.05333333333333334,0.06
linear_device,1016,3.0,0.05,0.06
linear_device,1017,3.0,0.06333333333333334,0.04
linear_device,1018,3.0,0.06666666666666667,0.08
linear_device,1019,3.0,0.04,0.04
linear_device,1000,10.0,0.056666666666666664,0.03
linear_device,1001,10.0,0.11,0.1
linear_device,1002,10.0,0.043333333333333335,0.06
linear_device,1003,10.0,0.056666666666666664,0.06
linear_device,1004,10.0,0.07666666666666666,0.06
linear_device,1005,10.0,0.07333333333333333,0.07
linear_device,1006,10.0,0.08,0.05
linear_device,1007,10.0,0.043333333333333335,0.03
linear_device,1008,10.0,0.05333333333333334,0.06
linear_device,1009,10.0,0.06333333333333334,0.07
linear_device,1010,10.0,0.06,0.08
linear_device,1011,10.0,0.12333333333333334,0.13
linear_device,1012,10.0,0.08,0.06
linear_device,1013,10.0,0.06333333333333334,0.11
linear_device,1014,10.0,0.06333333333333334,0.08
linear_device,1015,10.0,0.05333333333333334,0.06
linear_device,1016,10.0,0.05,0.07
linear_device,1017,10.0,0.06666666666666667,0.03
linear_device,1018,10.0,0.056666666666666664,0.04
linear_device,1019,10.0,0.05333333333333334,0.07
linear_device,1000,100.0,0.056666666666666664,0.03
linear_device,1001,100.0,0.11,0.1
linear_device,1002,100.0,0.043333333333333335,0.06
linear_device,1003,100.0,0.056666666666666664,0.06
linear_device,1004,100.0,0.07666666666666666,0.06
linear_device,1005,100.0,0.07333333333333333,0.07
linear_device,1006,100.0,0.08,0.05
linear_device,1007,100.0,0.04,0.02
linear_device,1008,100.0,0.05333333333333334,0.06
linear_device,1009,100.0,0.06333333333333334,0.07
linear_device,1010,100.0,0.07333333333333333,0.05
linear_device,1011,100.0,0.12333333333333334,0.13
linear_device,1012,100.0,0.08,0.06
linear_device,1013,100.0,0.04666666666666667,0.06
linear_device,1014,100.0,0.06333333333333334,0.08
linear_device,1015,100.0,0.05333333333333334,0.06
linear_device,1016,100.0,0.05,0.07
linear_device,1017,100.0,0.06666666666666667,0.03
linear_device,1018,100.0,0.056666666666666664,0.04
linear_device,1019,100.0,0.05333333333333334,0.07
exponential,1000,0.0001,0.08333333333333333,0.07
exponential,1001,0.0001,0.06,0.05
exponential,1002,0.0001,0.043333333333333335,0.05
exponential,1003,0.0001,0.06,0.05
exponential,1004,0.0001,0.09666666666666666,0.09
exponential,1005,0.0001,0.06333333333333334,0.02
exponential,1006,0.0001,0.07333333333333333,0.16
exponential,1007,0.0001,0.06333333333333334,0.07
exponential,1008,0.0001,0.06666666666666667,0.07
exponential,1009,0.0001,0.06333333333333334,0.09
exponential,1010,0.0001,0.08,0.02
exponential,1011,0.0001,0.06333333333333334,0.06
exponential,1012,0.0001,0.09,0.09
exponential,1013,0.0001,0.07333333333333333,0.05
exponential,1014,0.0001,0.11666666666666667,0.12
exponential,1015,0.0001,0.04666666666666667,0.04
exponential,1016,0.0001,0.07,0.09
exponential,1017,0.0001,0.05,0.05
exponential,1018,0.0001,0.06,0.02
exponential,1019,0.0001,0.07,0.1
exponential,1000,0.001,0.32,0.79
exponential,1001,0.001,0.2,0.4
exponential,1002,0.001,0.41333333333333333,0.91
exponential,1003,0.001,0.3333333333333333,0.74
exponential,1004,0.001,0.4,0.87
exponential,1005,0.001,0.37666666666666665,0.82
exponential,1006,0.001,0.4033333333333333,0.91
exponential,1007,0.001,0.43,0.89
exponential,1008,0.001,0.4,0.89
exponential,1009,0.001,0.41,0.84
exponential,1010,0.001,0.29333333333333333,0.65
exponential,1011,0.001,0.43333333333333335,0.91
exponential,1012,0.001,0.21666666666666667,0.44
exponential,1013,0.001,0.06333333333333334,0.13
exponential,1014,0.001,0.45,0.85
exponential,1015,0.001,0.09333333333333334,0.19
exponential,1016,0.001,0.5533333333333333,0.97
exponential,1017,0.001,0.3933333333333333,0.86
exponential,1018,0.001,0.4666666666666667,0.91
exponential,1019,0.001,0.31666666666666665,0.69
exponential,1000,0.01,0.5166666666666667,0.62
exponential,1001,0.01,0.41,0.52
exponential,1002,0.01,0.49,0.42
exponential,1003,0.01,0.64,0.75
exponential,1004,0.01,0.49333333333333335,0.59
exponential,1005,0.01,0.46,0.59
exponential,1006,0.01,0.5566666666666666,0.69
exponential,1007,0.01,0.5233333333333333,0.72
exponential,1008,0.01,0.52,0.63
exponential,1009,0.01,0.44666666666666666,0.37
exponential,1010,0.01,0.5333333333333333,0.63
exponential,1011,0.01,0.6133333333333333,0.72
exponential,1012,0.01,0.38,0.5
exponential,1013,0.01,0.5733333333333334,0.68
exponential,1014,0.01,0.44666666666666666,0.56
exponential,1015,0.01,0.6033333333333334,0.71
exponential,1016,0.01,0.4666666666666667,0.38
exponential,1017,0.01,0.63,0.73
exponential,1018,0.01,0.5933333333333334,0.72
exponential,1019,0.01,0.5366666666666666,0.63
exponential,1000,0.03,0.5666666666666667,0.7
exponential,1001,0.03,0.7533333333333333,1.0
exponential,1002,0.03,0.8266666666666667,1.0
exponential,1003,0.03,0.8166666666666667,1.0
exponential,1004,0.03,0.9133333333333333,1.0
exponential,1005,0.03,0.8433333333333334,1.0
exponential,1006,0.03,0.8433333333333334,1.0
exponential,1007,0.03,0.7933333333333333,0.96
exponential,1008,0.03,0.7133333333333334,0.94
exponential,1009,0.03,0.85,1.0
exponential,1010,0.03,0.8966666666666666,1.0
exponential,1011,0.03,0.8933333333333333,1.0
exponential,1012,0.03,0.69,1.0
exponential,1013,0.03,0.9066666666666666,1.0
exponential,1014,0.03,0.6433333333333333,0.87
exponential,1015,0.03,0.7766666666666666,1.0
exponential,1016,0.03,0.8466666666666667,1.0
exponential,1017,0.03,0.8566666666666667,0.98
exponential,1018,0.03,0.8666666666666667,1.0
exponential,1019,0.03,0.7233333333333334,0.81
exponential,1000,0.1,0.69,1.0
exponential,1001,0.1,0.6933333333333334,1.0
exponential,1002,0.1,0.81,1.0
exponential,1003,0.1,0.5333333333333333,0.6
exponential,1004,0.1,0.7833333333333333,1.0
exponential,1005,0.1,0.27666666666666667,0.3
exponential,1006,0.1,0.42,0.61
exponential,1007,0.1,0.7633333333333333,1.0
exponential,1008,0.1,0.85,1.0
exponential,1009,0.1,0.81,1.0
exponential,1010,0.1,0.6333333333333333,0.97
exponential,1011,0.1,0.46,0.62
exponential,1012,0.1,0.5466666666666666,0.61
exponential,1013,0.1,0.95,1.0
exponential,1014,0.1,0.8333333333333334,1.0
exponential,1015,0.1,0.6,1.0
exponential,1016,0.1,0.5033333333333333,0.98
exponential,1017,0.1,0.8433333333333334,1.0
exponential,1018,0.1,0.49333333333333335,0.58
exponential,1019,0.1,0.8,1.0
exponential,1000,0.3,0.17,0.26
exponential,1001,0.3,0.29,0.5
exponential,1002,0.3,0.45,1.0
exponential,1003,0.3,0.11,0.1
exponential,1004,0.3,0.17,0.2
exponential,1005,0.3,0.29333333333333333,0.51
exponential,1006,0.3,0.16666666666666666,0.25
exponential,1007,0.3,0.14666666666666667,0.23
exponential,1008,0.3,0.14,0.25
exponential,1009,0.3,0.21333333333333335,0.26
exponential,1010,0.3,0.15666666666666668,0.23
exponential,1011,0.3,0.5,1.0
exponential,1012,0.3,0.67,1.0
exponential,1013,0.3,0.21666666666666667,0.45
exponential,1014,0.3,0.31333333333333335,0.48
exponential,1015,0.3,0.21,0.24
exponential,1016,0.3,0.23666666666666666,0.36
exponential,1017,0.3,0.19,0.21
exponential,1018,0.3,0.11666666666666667,0.18
exponential,1019,0.3,0.16,0.25
exponential,1000,1.0,0.06666666666666667,0.07
exponential,1001,1.0,0.05333333333333334,0.04
exponential,1002,1.0,0.08666666666666667,0.12
exponential,1003,1.0,0.08666666666666667,0.08
exponential,1004,1.0,0.06333333333333334,0.06
exponential,1005,1.0,0.06333333333333334,0.07
exponential,1006,1.0,0.08333333333333333,0.08
exponential,1007,1.0,0.07333333333333333,0.08
exponential,1008,1.0,0.07,0.06
exponential,1009,1.0,0.09666666666666666,0.2
exponential,1010,1.0,0.07,0.05
exponential,1011,1.0,0.15,0.22
exponential,1012,1.0,0.056666666666666664,0.06
exponential,1013,1.0,0.05333333333333334,0.06
exponential,1014,1.0,0.07,0.12
exponential,1015,1.0,0.1,0.13
exponential,1016,1.0,0.06666666666666667,0.05
exponential,1017,1.0,0.06666666666666667,0.07
exponential,1018,1.0,0.09333333333333334,0.08
exponential,1019,1.0,0.07,0.08
exponential,1000,3.0,0.056666666666666664,0.03
exponential,1001,3.0,0.11,0.1
exponential,1002,3.0,0.043333333333333335,0.06
exponential,1003,3.0,0.06666666666666667,0.09
exponential,1004,3.0,0.07,0.09
exponential,1005,3.0,0.05,0.04
exponential,1006,3.0,0.08,0.05
exponential,1007,3.0,0.05,0.05
exponential,1008,3.0,0.05333333333333334,0.06
exponential,1009,3.0,0.06333333333333334,0.04
exponential,1010,3.0,0.07333333333333333,0.09
exponential,1011,3.0,0.12333333333333334,0.13
exponential,1012,3.0,0.08,0.06
exponential,1013,3.0,0.06,0.06
exponential,1014,3.0,0.06333333333333334,0.08
exponential,1015,3.0,0.05333333333333334,0.06
exponential,1016,3.0,0.056666666666666664,0.09
exponential,1017,3.0,0.06666666666666667,0.03
exponential,1018,3.0,0.056666666666666664,0.04
exponential,1019,3.0,0.05333333333333334,0.07
exponential,1000,10.0,0.056666666666666664,0.03
exponential,1001,10.0,0.11,0.1
exponential,1002,10.0,0.043333333333333335,0.06
exponential,1003,10.0,0.056666666666666664,0.06
exponential,1004,10.0,0.056666666666666664,0.05
exponential,1005,10.0,0.07333333333333333,0.07
exponential,1006,10.0,0.08,0.05
exponential,1007,10.0,0.04,0.02
exponential,1008,10.0,0.05333333333333334,0.06
exponential,1009,10.0,0.06333333333333334,0.07
exponential,1010,10.0,0.07333333333333333,0.09
exponential,1011,10.0,0.12333333333333334,0.13
exponential,1012,10.0,0.08,0.06
exponential,1013,10.0,0.04666666666666667,0.06
exponential,1014,10.0,0.06333333333333334,0.08
exponential,1015,10.0,0.05333333333333334,0.06
exponential,1016,10.0,0.05,0.07
exponential,1017,10.0,0.06666666666666667,0.03
exponential,1018,10.0,0.056666666666666664,0.04
exponential,1019,10.0,0.05333333333333334,0.07
exponential,1000,100.0,0.056666666666666664,0.03
exponential,1001,100.0,0.11,0.1
exponential,1002,100.0,0.043333333333333335,0.06
exponential,1003,100.0,0.056666666666666664,0.06
exponential,1004,100.0,0.06333333333333334,0.04
exponential,1005,100.0,0.07333333333333333,0.07
exponential,1006,100.0,0.08,0.05
exponential,1007,100.0,0.04,0.02
exponential,1008,100.0,0.05333333333333334,0.06
exponential,1009,100.0,0.06333333333333334,0.07
exponential,1010,100.0,0.06,0.08
exponential,1011,100.0,0.12333333333333334,0.13
exponential,1012,100.0,0.08,0.06
exponential,1013,100.0,0.04666666666666667,0.06
exponential,1014,100.0,0.06333333333333334,0.08
exponential,1015,100.0,0.05333333333333334,0.06
exponential,1016,100.0,0.05,0.07
exponential,1017,100.0,0.06666666666666667,0.03
exponential,1018,100.0,0.056666666666666664,0.04
exponential,1019,100.0,0.05333333333333334,0.07
conventional_rstdp,1000,0.0001,0.09333333333333334,0.06
conventional_rstdp,1001,0.0001,0.06666666666666667,0.07
conventional_rstdp,1002,0.0001,0.056666666666666664,0.08
conventional_rstdp,1003,0.0001,0.06,0.04
conventional_rstdp,1004,0.0001,0.06333333333333334,0.03
conventional_rstdp,1005,0.0001,0.05333333333333334,0.06
conventional_rstdp,1006,0.0001,0.03666666666666667,0.05
conventional_rstdp,1007,0.0001,0.06,0.08
conventional_rstdp,1008,0.0001,0.06,0.07
conventional_rstdp,1009,0.0001,0.06333333333333334,0.05
conventional_rstdp,1010,0.0001,0.06333333333333334,0.08
conventional_rstdp,1011,0.0001,0.07,0.08
conventional_rstdp,1012,0.0001,0.06333333333333334,0.06
conventional_rstdp,1013,0.0001,0.05333333333333334,0.03
conventional_rstdp,1014,0.0001,0.07666666666666666,0.08
conventional_rstdp,1015,0.0001,0.06333333333333334,0.05
conventional_rstdp,1016,0.0001,0.04,0.02
conventional_rstdp,1017,0.0001,0.06666666666666667,0.05
conventional_rstdp,1018,0.0001,0.06,0.04
conventional_rstdp,1019,0.0001,0.07666666666666666,0.09
conventional_rstdp,1000,0.001,0.056666666666666664,0.05
conventional_rstdp,1001,0.001,0.056666666666666664,0.05
conventional_rstdp,1002,0.001,0.06333333333333334,0.09
conventional_rstdp,1003,0.001,0.056666666666666664,0.06
conventional_rstdp,1004,0.001,0.07333333333333333,0.08
conventional_rstdp,1005,0.001,0.07666666666666666,0.08
conventional_rstdp,1006,0.001,0.06,0.06
conventional_rstdp,1007,0.001,0.06,0.04
conventional_rstdp,1008,0.001,0.03333333333333333,0.04
conventional_rstdp,1009,0.001,0.06333333333333334,0.05
conventional_rstdp,1010,0.001,0.07,0.1
conventional_rstdp,1011,0.001,0.06666666666666667,0.06
conventional_rstdp,1012,0.001,0.08,0.08
conventional_rstdp,1013,0.001,0.05,0.04
conventional_rstdp,1014,0.001,0.06333333333333334,0.09
conventional_rstdp,1015,0.001,0.06,0.06
conventional_rstdp,1016,0.001,0.06666666666666667,0.1
conventional_rstdp,1017,0.001,0.08333333333333333,0.09
conventional_rstdp,1018,0.001,0.056666666666666664,0.05
conventional_rstdp,1019,0.001,0.07333333333333333,0.09
conventional_rstdp,1000,0.01,0.03333333333333333,0.0
conventional_rstdp,1001,0.01,0.03,0.04
conventional_rstdp,1002,0.01,0.016666666666666666,0.01
conventional_rstdp,1003,0.01,0.016666666666666666,0.0
conventional_rstdp,1004,0.01,0.056666666666666664,0.09
conventional_rstdp,1005,0.01,0.03,0.03
conventional_rstdp,1006,0.01,0.07333333333333333,0.02
conventional_rstdp,1007,0.01,0.10666666666666667,0.09
conventional_rstdp,1008,0.01,0.013333333333333334,0.01
conventional_rstdp,1009,0.01,0.07666666666666666,0.05
conventional_rstdp,1010,0.01,0.11333333333333333,0.1
conventional_rstdp,1011,0.01,0.05,0.01
conventional_rstdp,1012,0.01,0.01,0.01
conventional_rstdp,1013,0.01,0.013333333333333334,0.01
conventional_rstdp,1014,0.01,0.013333333333333334,0.01
conventional_rstdp,1015,0.01,0.06,0.03
conventional_rstdp,1016,0.01,0.04666666666666667,0.03
conventional_rstdp,1017,0.01,0.05333333333333334,0.0
conventional_rstdp,1018,0.01,0.016666666666666666,0.02
conventional_rstdp,1019,0.01,0.04666666666666667,0.05
conventional_rstdp,1000,0.03,0.023333333333333334,0.01
conventional_rstdp,1001,0.03,0.013333333333333334,0.01
conventional_rstdp,1002,0.03,0.06,0.04
conventional_rstdp,1003,0.03,0.01,0.0
conventional_rstdp,1004,0.03,0.03,0.0
conventional_rstdp,1005,0.03,0.023333333333333334,0.0
conventional_rstdp,1006,0.03,0.02,0.0
conventional_rstdp,1007,0.03,0.01,0.02
conventional_rstdp,1008,0.03,0.11,0.1
conventional_rstdp,1009,0.03,0.06666666666666667,0.02
conventional_rstdp,1010,0.03,0.03,0.01
conventional_rstdp,1011,0.03,0.06,0.14
conventional_rstdp,1012,0.03,0.016666666666666666,0.01
conventional_rstdp,1013,0.03,0.01,0.01
conventional_rstdp,1014,0.03,0.023333333333333334,0.02
conventional_rstdp,1015,0.03,0.0033333333333333335,0.0
conventional_rstdp,1016,0.03,0.06,0.02
conventional_rstdp,1017,0.03,0.09333333333333334,0.11
conventional_rstdp,1018,0.03,0.013333333333333334,0.01
conventional_rstdp,1019,0.03,0.016666666666666666,0.0
conventional_rstdp,1000,0.1,0.043333333333333335,0.01
conventional_rstdp,1001,0.1,0.06666666666666667,0.07
conventional_rstdp,1002,0.1,0.006666666666666667,0.0
conventional_rstdp,1003,0.1,0.013333333333333334,0.01
conventional_rstdp,1004,0.1,0.01,0.0
conventional_rstdp,1005,0.1,0.05,0.06
conventional_rstdp,1006,0.1,0.03666666666666667,0.05
conventional_rstdp,1007,0.1,0.016666666666666666,0.01
conventional_rstdp,1008,0.1,0.01,0.0
conventional_rstdp,1009,0.1,0.02666666666666667,0.0
conventional_rstdp,1010,0.1,0.006666666666666667,0.0
conventional_rstdp,1011,0.1,0.03333333333333333,0.0
conventional_rstdp,1012,0.1,0.01,0.0
conventional_rstdp,1013,0.1,0.01,0.02
conventional_rstdp,1014,0.1,0.05333333333333334,0.04
conventional_rstdp,1015,0.1,0.01,0.0
conventional_rstdp,1016,0.1,0.04,0.01
conventional_rstdp,1017,0.1,0.05,0.09
conventional_rstdp,1018,0.1,0.02666666666666667,0.0
conventional_rstdp,1019,0.1,0.05333333333333334,0.05
conventional_rstdp,1000,0.3,0.05,0.04
conventional_rstdp,1001,0.3,0.043333333333333335,0.04
conventional_rstdp,1002,0.3,0.05333333333333334,0.03
conventional_rstdp,1003,0.3,0.0,0.0
conventional_rstdp,1004,0.3,0.04,0.04
conventional_rstdp,1005,0.3,0.016666666666666666,0.01
conventional_rstdp,1006,0.3,0.05333333333333334,0.05
conventional_rstdp,1007,0.3,0.06,0.06
conventional_rstdp,1008,0.3,0.04,0.03
conventional_rstdp,1009,0.3,0.04666666666666667,0.02
conventional_rstdp,1010,0.3,0.03,0.0
conventional_rstdp,1011,0.3,0.05,0.04
conventional_rstdp,1012,0.3,0.03,0.01
conventional_rstdp,1013,0.3,0.03666666666666667,0.01
conventional_rstdp,1014,0.3,0.023333333333333334,0.0
conventional_rstdp,1015,0.3,0.03666666666666667,0.03
conventional_rstdp,1016,0.3,0.056666666666666664,0.03
conventional_rstdp,1017,0.3,0.04,0.05
conventional_rstdp,1018,0.3,0.03333333333333333,0.02
conventional_rstdp,1019,0.3,0.03,0.0
conventional_rstdp,1000,1.0,0.09666666666666666,0.07
conventional_rstdp,1001,1.0,0.03,0.0
conventional_rstdp,1002,1.0,0.07333333333333333,0.09
conventional_rstdp,1003,1.0,0.0,0.0
conventional_rstdp,1004,1.0,0.04666666666666667,0.08
conventional_rstdp,1005,1.0,0.056666666666666664,0.03
conventional_rstdp,1006,1.0,0.0,0.0
conventional_rstdp,1007,1.0,0.06,0.05
conventional_rstdp,1008,1.0,0.043333333333333335,0.02
conventional_rstdp,1009,1.0,0.0033333333333333335,0.0
conventional_rstdp,1010,1.0,0.016666666666666666,0.0
conventional_rstdp,1011,1.0,0.05,0.03
conventional_rstdp,1012,1.0,0.0,0.0
conventional_rstdp,1013,1.0,0.0,0.0
conventional_rstdp,1014,1.0,0.0033333333333333335,0.0
conventional_rstdp,1015,1.0,0.03333333333333333,0.02
conventional_rstdp,1016,1.0,0.05333333333333334,0.05
conventional_rstdp,1017,1.0,0.06666666666666667,0.05
conventional_rstdp,1018,1.0,0.056666666666666664,0.03
conventional_rstdp,1019,1.0,0.0,0.0
conventional_rstdp,1000,3.0,0.02,0.0
conventional_rstdp,1001,3.0,0.056666666666666664,0.06
conventional_rstdp,1002,3.0,0.0,0.0
conventional_rstdp,1003,3.0,0.013333333333333334,0.0
conventional_rstdp,1004,3.0,0.013333333333333334,0.0
conventional_rstdp,1005,3.0,0.0,0.0
conventional_rstdp,1006,3.0,0.05,0.03
conventional_rstdp,1007,3.0,0.006666666666666667,0.0
conventional_rstdp,1008,3.0,0.013333333333333334,0.0
conventional_rstdp,1009,3.0,0.0,0.0
conventional_rstdp,1010,3.0,0.0,0.0
conventional_rstdp,1011,3.0,0.07666666666666666,0.06
conventional_rstdp,1012,3.0,0.07666666666666666,0.06
conventional_rstdp,1013,3.0,0.06666666666666667,0.04
conventional_rstdp,1014,3.0,0.0,0.0
conventional_rstdp,1015,3.0,0.043333333333333335,0.05
conventional_rstdp,1016,3.0,0.05333333333333334,0.06
conventional_rstdp,1017,3.0,0.06666666666666667,0.07
conventional_rstdp,1018,3.0,0.006666666666666667,0.0
conventional_rstdp,1019,3.0,0.0,0.0
conventional_rstdp,1000,10.0,0.07333333333333333,0.07
conventional_rstdp,1001,10.0,0.03666666666666667,0.04
conventional_rstdp,1002,10.0,0.0,0.0
conventional_rstdp,1003,10.0,0.10666666666666667,0.1
conventional_rstdp,1004,10.0,0.06333333333333334,0.05
conventional_rstdp,1005,10.0,0.0,0.0
conventional_rstdp,1006,10.0,0.03,0.0
conventional_rstdp,1007,10.0,0.07666666666666666,0.09
conventional_rstdp,1008,10.0,0.07333333333333333,0.07
conventional_rstdp,1009,10.0,0.02,0.0
conventional_rstdp,1010,10.0,0.07,0.07
conventional_rstdp,1011,10.0,0.07,0.06
conventional_rstdp,1012,10.0,0.07333333333333333,0.1
conventional_rstdp,1013,10.0,0.04,0.03
conventional_rstdp,1014,10.0,0.07,0.11
conventional_rstdp,1015,10.0,0.08,0.09
conventional_rstdp,1016,10.0,0.05333333333333334,0.06
conventional_rstdp,1017,10.0,0.08,0.08
conventional_rstdp,1018,10.0,0.06,0.07
conventional_rstdp,1019,10.0,0.05,0.09
conventional_rstdp,1000,100.0,0.09333333333333334,0.09
conventional_rstdp,1001,100.0,0.06,0.08
conventional_rstdp,1002,100.0,0.0,0.0
conventional_rstdp,1003,100.0,0.07333333333333333,0.09
conventional_rstdp,1004,100.0,0.08,0.1
conventional_rstdp,1005,100.0,0.0,0.0
conventional_rstdp,1006,100.0,0.04666666666666667,0.05
conventional_rstdp,1007,100.0,0.07666666666666666,0.09
conventional_rstdp,1008,100.0,0.04666666666666667,0.0
conventional_rstdp,1009,100.0,0.03666666666666667,0.0
conventional_rstdp,1010,100.0,0.07,0.05
conventional_rstdp,1011,100.0,0.06333333333333334,0.06
conventional_rstdp,1012,100.0,0.07,0.07
conventional_rstdp,1013,100.0,0.06666666666666667,0.08
conventional_rstdp,1014,100.0,0.03333333333333333,0.02
conventional_rstdp,1015,100.0,0.0,0.0
conventional_rstdp,1016,100.0,0.05333333333333334,0.06
conventional_rstdp,1017,100.0,0.07333333333333333,0.05
conventional_rstdp,1018,100.0,0.056666666666666664,0.03
conventional_rstdp,1019,100.0,0.0,0.0
shallow_eprop,1000,0.0001,0.07666666666666666,0.08
shallow_eprop,1001,0.0001,0.06666666666666667,0.05
shallow_eprop,1002,0.0001,0.07666666666666666,0.1
shallow_eprop,1003,0.0001,0.05,0.02
shallow_eprop,1004,0.0001,0.06666666666666667,0.08
shallow_eprop,1005,0.0001,0.06666666666666667,0.1
shallow_eprop,1006,0.0001,0.05,0.06
shallow_eprop,1007,0.0001,0.09,0.1
shallow_eprop,1008,0.0001,0.06333333333333334,0.06
shallow_eprop,1009,0.0001,0.056666666666666664,0.09
shallow_eprop,1010,0.0001,0.06333333333333334,0.09
shallow_eprop,1011,0.0001,0.06,0.05
shallow_eprop,1012,0.0001,0.056666666666666664,0.04
shallow_eprop,1013,0.0001,0.07,0.05
shallow_eprop,1014,0.0001,0.09,0.1
shallow_eprop,1015,0.0001,0.07,0.09
shallow_eprop,1016,0.0001,0.08,0.09
shallow_eprop,1017,0.0001,0.10666666666666667,0.14
shallow_eprop,1018,0.0001,0.07333333333333333,0.06
shallow_eprop,1019,0.0001,0.09,0.12
shallow_eprop,1000,0.001,0.45666666666666667,0.8
shallow_eprop,1001,0.001,0.3933333333333333,0.77
shallow_eprop,1002,0.001,0.6133333333333333,0.87
shallow_eprop,1003,0.001,0.42333333333333334,0.79
shallow_eprop,1004,0.001,0.3333333333333333,0.69
shallow_eprop,1005,0.001,0.3233333333333333,0.66
shallow_eprop,1006,0.001,0.4033333333333333,0.81
shallow_eprop,1007,0.001,0.42333333333333334,0.77
shallow_eprop,1008,0.001,0.57,0.9
shallow_eprop,1009,0.001,0.39666666666666667,0.78
shallow_eprop,1010,0.001,0.44666666666666666,0.78
shallow_eprop,1011,0.001,0.57,0.86
shallow_eprop,1012,0.001,0.6,0.87
shallow_eprop,1013,0.001,0.5333333333333333,0.89
shallow_eprop,1014,0.001,0.48333333333333334,0.85
shallow_eprop,1015,0.001,0.5033333333333333,0.89
shallow_eprop,1016,0.001,0.49333333333333335,0.81
shallow_eprop,1017,0.001,0.6033333333333334,0.88
shallow_eprop,1018,0.001,0.49333333333333335,0.85
shallow_eprop,1019,0.001,0.38,0.71
shallow_eprop,1000,0.01,0.8666666666666667,0.99
shallow_eprop,1001,0.01,0.91,1.0
shallow_eprop,1002,0.01,0.88,0.99
shallow_eprop,1003,0.01,0.9366666666666666,1.0
shallow_eprop,1004,0.01,0.8133333333333334,0.99
shallow_eprop,1005,0.01,0.9333333333333333,0.99
shallow_eprop,1006,0.01,0.9433333333333334,1.0
shallow_eprop,1007,0.01,0.9266666666666666,0.99
shallow_eprop,1008,0.01,0.8,1.0
shallow_eprop,1009,0.01,0.8466666666666667,1.0
shallow_eprop,1010,0.01,0.95,1.0
shallow_eprop,1011,0.01,0.93,0.99
shallow_eprop,1012,0.01,0.9366666666666666,0.99
shallow_eprop,1013,0.01,0.9666666666666667,1.0
shallow_eprop,1014,0.01,0.7866666666666666,0.99
shallow_eprop,1015,0.01,0.9233333333333333,0.99
shallow_eprop,1016,0.01,0.9266666666666666,0.99
shallow_eprop,1017,0.01,0.9333333333333333,0.99
shallow_eprop,1018,0.01,0.8766666666666667,1.0
shallow_eprop,1019,0.01,0.73,0.99
shallow_eprop,1000,0.03,0.0,0.0
shallow_eprop,1001,0.03,0.94,0.98
shallow_eprop,1002,0.03,0.0,0.0
shallow_eprop,1003,0.03,0.9633333333333334,0.99
shallow_eprop,1004,0.03,0.9533333333333334,1.0
shallow_eprop,1005,0.03,0.97,0.99
shallow_eprop,1006,0.03,0.89,1.0
shallow_eprop,1007,0.03,0.76,1.0
shallow_eprop,1008,0.03,0.8833333333333333,1.0
shallow_eprop,1009,0.03,0.0,0.0
shallow_eprop,1010,0.03,0.9633333333333334,1.0
shallow_eprop,1011,0.03,0.9733333333333334,1.0
shallow_eprop,1012,0.03,0.9766666666666667,0.99
shallow_eprop,1013,0.03,0.97,0.99
shallow_eprop,1014,0.03,0.9333333333333333,0.99
shallow_eprop,1015,0.03,0.8066666666666666,1.0
shallow_eprop,1016,0.03,0.95,0.99
shallow_eprop,1017,0.03,0.8933333333333333,0.99
shallow_eprop,1018,0.03,0.96,1.0
shallow_eprop,1019,0.03,0.9666666666666667,1.0
shallow_eprop,1000,0.1,0.0,0.0
shallow_eprop,1001,0.1,0.0,0.0
shallow_eprop,1002,0.1,0.0,0.0
shallow_eprop,1003,0.1,0.0,0.0
shallow_eprop,1004,0.1,0.0,0.0
shallow_eprop,1005,0.1,0.9866666666666667,1.0
shallow_eprop,1006,0.1,0.0,0.0
shallow_eprop,1007,0.1,0.91,1.0
shallow_eprop,1008,0.1,0.9866666666666667,1.0
shallow_eprop,1009,0.1,0.0,0.0
shallow_eprop,1010,0.1,0.9866666666666667,1.0
shallow_eprop,1011,0.1,0.9933333333333333,1.0
shallow_eprop,1012,0.1,0.9866666666666667,1.0
shallow_eprop,1013,0.1,0.9866666666666667,1.0
shallow_eprop,1014,0.1,0.0,0.0
shallow_eprop,1015,0.1,0.0,0.0
shallow_eprop,1016,0.1,0.0,0.0
shallow_eprop,1017,0.1,0.0,0.0
shallow_eprop,1018,0.1,0.57,1.0
shallow_eprop,1019,0.1,0.9866666666666667,1.0
shallow_eprop,1000,0.3,0.0,0.0
shallow_eprop,1001,0.3,0.0,0.0
shallow_eprop,1002,0.3,0.9633333333333334,1.0
shallow_eprop,1003,0.3,0.0,0.0
shallow_eprop,1004,0.3,0.0,0.0
shallow_eprop,1005,0.3,0.99,1.0
shallow_eprop,1006,0.3,0.0,0.0
shallow_eprop,1007,0.3,0.0,0.0
shallow_eprop,1008,0.3,0.0,0.0
shallow_eprop,1009,0.3,0.0,0.0
shallow_eprop,1010,0.3,0.0,0.0
shallow_eprop,1011,0.3,0.9933333333333333,1.0
shallow_eprop,1012,0.3,0.99,1.0
shallow_eprop,1013,0.3,0.0,0.0
shallow_eprop,1014,0.3,0.0,0.0
shallow_eprop,1015,0.3,0.0,0.0
shallow_eprop,1016,0.3,0.0,0.0
shallow_eprop,1017,0.3,0.0,0.0
shallow_eprop,1018,0.3,0.0,0.0
shallow_eprop,1019,0.3,0.99,1.0
shallow_eprop,1000,1.0,0.0,0.0
shallow_eprop,1001,1.0,0.0,0.0
shallow_eprop,1002,1.0,0.9966666666666667,1.0
shallow_eprop,1003,1.0,0.0,0.0
shallow_eprop,1004,1.0,0.0,0.0
shallow_eprop,1005,1.0,0.99,1.0
shallow_eprop,1006,1.0,0.0,0.0
shallow_eprop,1007,1.0,0.0,0.0
shallow_eprop,1008,1.0,0.0,0.0
shallow_eprop,1009,1.0,0.0,0.0
shallow_eprop,1010,1.0,0.0,0.0
shallow_eprop,1011,1.0,0.9933333333333333,1.0
shallow_eprop,1012,1.0,0.99,1.0
shallow_eprop,1013,1.0,0.0,0.0
shallow_eprop,1014,1.0,0.9866666666666667,1.0
shallow_eprop,1015,1.0,0.0,0.0
shallow_eprop,1016,1.0,0.0,0.0
shallow_eprop,1017,1.0,0.0,0.0
shallow_eprop,1018,1.0,0.0,0.0
shallow_eprop,1019,1.0,0.99,1.0
shallow_eprop,1000,3.0,0.0,0.0
shallow_eprop,1001,3.0,0.0,0.0
shallow_eprop,1002,3.0,0.9933333333333333,1.0
shallow_eprop,1003,3.0,0.0,0.0
shallow_eprop,1004,3.0,0.0,0.0
shallow_eprop,1005,3.0,0.99,1.0
shallow_eprop,1006,3.0,0.0,0.0
shallow_eprop,1007,3.0,0.0,0.0
shallow_eprop,1008,3.0,0.0,0.0
shallow_eprop,1009,3.0,0.0,0.0
shallow_eprop,1010,3.0,0.0,0.0
shallow_eprop,1011,3.0,0.9933333333333333,1.0
shallow_eprop,1012,3.0,0.99,1.0
shallow_eprop,1013,3.0,0.0,0.0
shallow_eprop,1014,3.0,0.9866666666666667,1.0
shallow_eprop,1015,3.0,0.0,0.0
shallow_eprop,1016,3.0,0.0,0.0
shallow_eprop,1017,3.0,0.0,0.0
shallow_eprop,1018,3.0,0.0,0.0
shallow_eprop,1019,3.0,0.99,1.0
shallow_eprop,1000,10.0,0.0,0.0
shallow_eprop,1001,10.0,0.0,0.0
shallow_eprop,1002,10.0,0.9933333333333333,1.0
shallow_eprop,1003,10.0,0.0,0.0
shallow_eprop,1004,10.0,0.0,0.0
shallow_eprop,1005,10.0,0.99,1.0
shallow_eprop,1006,10.0,0.0,0.0
shallow_eprop,1007,10.0,0.0,0.0
shallow_eprop,1008,10.0,0.0,0.0
shallow_eprop,1009,10.0,0.0,0.0
shallow_eprop,1010,10.0,0.0,0.0
shallow_eprop,1011,10.0,0.9933333333333333,1.0
shallow_eprop,1012,10.0,0.99,1.0
shallow_eprop,1013,10.0,0.0,0.0
shallow_eprop,1014,10.0,0.9866666666666667,1.0
shallow_eprop,1015,10.0,0.0,0.0
shallow_eprop,1016,10.0,0.0,0.0
shallow_eprop,1017,10.0,0.0,0.0
shallow_eprop,1018,10.0,0.0,0.0
shallow_eprop,1019,10.0,0.99,1.0
shallow_eprop,1000,100.0,0.0,0.0
shallow_eprop,1001,100.0,0.0,0.0
shallow_eprop,1002,100.0,0.9933333333333333,1.0
shallow_eprop,1003,100.0,0.0,0.0
shallow_eprop,1004,100.0,0.0,0.0
shallow_eprop,1005,100.0,0.99,1.0
shallow_eprop,1006,100.0,0.0,0.0
shallow_eprop,1007,100.0,0.0,0.0
shallow_eprop,1008,100.0,0.0,0.0
shallow_eprop,1009,100.0,0.0,0.0
shallow_eprop,1010,100.0,0.0,0.0
shallow_eprop,1011,100.0,0.9933333333333333,1.0
shallow_eprop,1012,100.0,0.99,1.0
shallow_eprop,1013,100.0,0.0,0.0
shallow_eprop,1014,100.0,0.9866666666666667,1.0
shallow_eprop,1015,100.0,0.0,0.0
shallow_eprop,1016,100.0,0.0,0.0
shallow_eprop,1017,100.0,0.0,0.0
shallow_eprop,1018,100.0,0.0,0.0
shallow_eprop,1019,100.0,0.99,1.0
device_unsigned,1000,0.0001,0.06,0.06
device_unsigned,1001,0.0001,0.043333333333333335,0.04
device_unsigned,1002,0.0001,0.06,0.08
device_unsigned,1003,0.0001,0.04666666666666667,0.05
device_unsigned,1004,0.0001,0.11333333333333333,0.11
device_unsigned,1005,0.0001,0.07666666666666666,0.08
device_unsigned,1006,0.0001,0.043333333333333335,0.06
device_unsigned,1007,0.0001,0.06666666666666667,0.09
device_unsigned,1008,0.0001,0.09,0.09
device_unsigned,1009,0.0001,0.03666666666666667,0.02
device_unsigned,1010,0.0001,0.05333333333333334,0.07
device_unsigned,1011,0.0001,0.06333333333333334,0.05
device_unsigned,1012,0.0001,0.07333333333333333,0.08
device_unsigned,1013,0.0001,0.07666666666666666,0.06
device_unsigned,1014,0.0001,0.08,0.04
device_unsigned,1015,0.0001,0.04666666666666667,0.03
device_unsigned,1016,0.0001,0.07333333333333333,0.07
device_unsigned,1017,0.0001,0.05333333333333334,0.03
device_unsigned,1018,0.0001,0.03,0.01
device_unsigned,1019,0.0001,0.07333333333333333,0.09
device_unsigned,1000,0.001,0.056666666666666664,0.07
device_unsigned,1001,0.001,0.08333333333333333,0.07
device_unsigned,1002,0.001,0.06,0.08
device_unsigned,1003,0.001,0.03666666666666667,0.05
device_unsigned,1004,0.001,0.08333333333333333,0.05
device_unsigned,1005,0.001,0.06,0.07
device_unsigned,1006,0.001,0.07,0.08
device_unsigned,1007,0.001,0.06333333333333334,0.08
device_unsigned,1008,0.001,0.07,0.11
device_unsigned,1009,0.001,0.07666666666666666,0.1
device_unsigned,1010,0.001,0.07333333333333333,0.05
device_unsigned,1011,0.001,0.05333333333333334,0.05
device_unsigned,1012,0.001,0.07666666666666666,0.07
device_unsigned,1013,0.001,0.06,0.07
device_unsigned,1014,0.001,0.09,0.06
device_unsigned,1015,0.001,0.03666666666666667,0.02
device_unsigned,1016,0.001,0.07,0.05
device_unsigned,1017,0.001,0.056666666666666664,0.05
device_unsigned,1018,0.001,0.07,0.04
device_unsigned,1019,0.001,0.06,0.04
device_unsigned,1000,0.01,0.04666666666666667,0.1
device_unsigned,1001,0.01,0.07666666666666666,0.07
device_unsigned,1002,0.01,0.06333333333333334,0.03
device_unsigned,1003,0.01,0.07,0.07
device_unsigned,1004,0.01,0.056666666666666664,0.08
device_unsigned,1005,0.01,0.05333333333333334,0.05
device_unsigned,1006,0.01,0.06,0.05
device_unsigned,1007,0.01,0.06666666666666667,0.05
device_unsigned,1008,0.01,0.06,0.05
device_unsigned,1009,0.01,0.06666666666666667,0.09
device_unsigned,1010,0.01,0.04666666666666667,0.03
device_unsigned,1011,0.01,0.07666666666666666,0.06
device_unsigned,1012,0.01,0.07666666666666666,0.06
device_unsigned,1013,0.01,0.06666666666666667,0.04
device_unsigned,1014,0.01,0.07,0.08
device_unsigned,1015,0.01,0.06333333333333334,0.06
device_unsigned,1016,0.01,0.05333333333333334,0.03
device_unsigned,1017,0.01,0.06666666666666667,0.06
device_unsigned,1018,0.01,0.08,0.1
device_unsigned,1019,0.01,0.05333333333333334,0.03
device_unsigned,1000,0.03,0.07,0.06
device_unsigned,1001,0.03,0.06333333333333334,0.11
device_unsigned,1002,0.03,0.05333333333333334,0.04
device_unsigned,1003,0.03,0.06666666666666667,0.05
device_unsigned,1004,0.03,0.06666666666666667,0.04
device_unsigned,1005,0.03,0.07,0.05
device_unsigned,1006,0.03,0.07,0.04
device_unsigned,1007,0.03,0.043333333333333335,0.01
device_unsigned,1008,0.03,0.07666666666666666,0.05
device_unsigned,1009,0.03,0.056666666666666664,0.06
device_unsigned,1010,0.03,0.07666666666666666,0.08
device_unsigned,1011,0.03,0.04666666666666667,0.03
device_unsigned,1012,0.03,0.06,0.0
device_unsigned,1013,0.03,0.05,0.03
device_unsigned,1014,0.03,0.07,0.1
device_unsigned,1015,0.03,0.07,0.09
device_unsigned,1016,0.03,0.04666666666666667,0.03
device_unsigned,1017,0.03,0.07,0.06
device_unsigned,1018,0.03,0.07,0.07
device_unsigned,1019,0.03,0.08,0.08
device_unsigned,1000,0.1,0.07,0.11
device_unsigned,1001,0.1,0.06,0.06
device_unsigned,1002,0.1,0.06,0.04
device_unsigned,1003,0.1,0.05333333333333334,0.06
device_unsigned,1004,0.1,0.08,0.08
device_unsigned,1005,0.1,0.043333333333333335,0.05
device_unsigned,1006,0.1,0.08333333333333333,0.06
device_unsigned,1007,0.1,0.06666666666666667,0.09
device_unsigned,1008,0.1,0.056666666666666664,0.06
device_unsigned,1009,0.1,0.04,0.03
device_unsigned,1010,0.1,0.03333333333333333,0.04
device_unsigned,1011,0.1,0.05,0.05
device_unsigned,1012,0.1,0.056666666666666664,0.08
device_unsigned,1013,0.1,0.08,0.08
device_unsigned,1014,0.1,0.043333333333333335,0.03
device_unsigned,1015,0.1,0.07,0.05
device_unsigned,1016,0.1,0.05333333333333334,0.04
device_unsigned,1017,0.1,0.08,0.08
device_unsigned,1018,0.1,0.04666666666666667,0.04
device_unsigned,1019,0.1,0.06666666666666667,0.06
device_unsigned,1000,0.3,0.08333333333333333,0.07
device_unsigned,1001,0.3,0.07666666666666666,0.1
device_unsigned,1002,0.3,0.09,0.08
device_unsigned,1003,0.3,0.06333333333333334,0.04
device_unsigned,1004,0.3,0.06,0.06
device_unsigned,1005,0.3,0.09,0.11
device_unsigned,1006,0.3,0.06,0.03
device_unsigned,1007,0.3,0.07666666666666666,0.09
device_unsigned,1008,0.3,0.07333333333333333,0.04
device_unsigned,1009,0.3,0.06333333333333334,0.07
device_unsigned,1010,0.3,0.05333333333333334,0.02
device_unsigned,1011,0.3,0.07333333333333333,0.05
device_unsigned,1012,0.3,0.05333333333333334,0.07
device_unsigned,1013,0.3,0.06,0.08
device_unsigned,1014,0.3,0.06,0.02
device_unsigned,1015,0.3,0.06666666666666667,0.06
device_unsigned,1016,0.3,0.06,0.08
device_unsigned,1017,0.3,0.05333333333333334,0.05
device_unsigned,1018,0.3,0.03333333333333333,0.04
device_unsigned,1019,0.3,0.06666666666666667,0.06
device_unsigned,1000,1.0,0.09666666666666666,0.09
device_unsigned,1001,1.0,0.04666666666666667,0.04
device_unsigned,1002,1.0,0.03666666666666667,0.05
device_unsigned,1003,1.0,0.07,0.07
device_unsigned,1004,1.0,0.06666666666666667,0.09
device_unsigned,1005,1.0,0.05,0.05
device_unsigned,1006,1.0,0.07,0.08
device_unsigned,1007,1.0,0.08666666666666667,0.11
device_unsigned,1008,1.0,0.07666666666666666,0.08
device_unsigned,1009,1.0,0.06,0.09
device_unsigned,1010,1.0,0.056666666666666664,0.04
device_unsigned,1011,1.0,0.05,0.06
device_unsigned,1012,1.0,0.056666666666666664,0.07
device_unsigned,1013,1.0,0.08333333333333333,0.1
device_unsigned,1014,1.0,0.06666666666666667,0.1
device_unsigned,1015,1.0,0.04666666666666667,0.04
device_unsigned,1016,1.0,0.09666666666666666,0.08
device_unsigned,1017,1.0,0.07,0.06
device_unsigned,1018,1.0,0.056666666666666664,0.04
device_unsigned,1019,1.0,0.08,0.07
device_unsigned,1000,3.0,0.05,0.05
device_unsigned,1001,3.0,0.07,0.06
device_unsigned,1002,3.0,0.06333333333333334,0.07
device_unsigned,1003,3.0,0.08,0.07
device_unsigned,1004,3.0,0.07666666666666666,0.06
device_unsigned,1005,3.0,0.05333333333333334,0.04
device_unsigned,1006,3.0,0.04666666666666667,0.04
device_unsigned,1007,3.0,0.056666666666666664,0.04
device_unsigned,1008,3.0,0.05333333333333334,0.09
device_unsigned,1009,3.0,0.06,0.05
device_unsigned,1010,3.0,0.08333333333333333,0.09
device_unsigned,1011,3.0,0.043333333333333335,0.03
device_unsigned,1012,3.0,0.04666666666666667,0.04
device_unsigned,1013,3.0,0.07666666666666666,0.09
device_unsigned,1014,3.0,0.056666666666666664,0.05
device_unsigned,1015,3.0,0.02,0.02
device_unsigned,1016,3.0,0.08,0.07
device_unsigned,1017,3.0,0.056666666666666664,0.06
device_unsigned,1018,3.0,0.07333333333333333,0.08
device_unsigned,1019,3.0,0.07,0.06
device_unsigned,1000,10.0,0.05,0.03
device_unsigned,1001,10.0,0.07333333333333333,0.07
device_unsigned,1002,10.0,0.06666666666666667,0.07
device_unsigned,1003,10.0,0.07,0.09
device_unsigned,1004,10.0,0.08,0.09
device_unsigned,1005,10.0,0.08,0.07
device_unsigned,1006,10.0,0.06,0.07
device_unsigned,1007,10.0,0.08333333333333333,0.09
device_unsigned,1008,10.0,0.043333333333333335,0.06
device_unsigned,1009,10.0,0.08333333333333333,0.1
device_unsigned,1010,10.0,0.05333333333333334,0.04
device_unsigned,1011,10.0,0.07666666666666666,0.07
device_unsigned,1012,10.0,0.06,0.06
device_unsigned,1013,10.0,0.07,0.08
device_unsigned,1014,10.0,0.06666666666666667,0.06
device_unsigned,1015,10.0,0.043333333333333335,0.06
device_unsigned,1016,10.0,0.1,0.15
device_unsigned,1017,10.0,0.056666666666666664,0.05
device_unsigned,1018,10.0,0.04666666666666667,0.05
device_unsigned,1019,10.0,0.08666666666666667,0.08
device_unsigned,1000,100.0,0.07666666666666666,0.11
device_unsigned,1001,100.0,0.07333333333333333,0.07
device_unsigned,1002,100.0,0.056666666666666664,0.04
device_unsigned,1003,100.0,0.07666666666666666,0.1
device_unsigned,1004,100.0,0.08666666666666667,0.09
device_unsigned,1005,100.0,0.08,0.07
device_unsigned,1006,100.0,0.056666666666666664,0.06
device_unsigned,1007,100.0,0.08333333333333333,0.09
device_unsigned,1008,100.0,0.043333333333333335,0.06
device_unsigned,1009,100.0,0.07,0.1
device_unsigned,1010,100.0,0.06333333333333334,0.09
device_unsigned,1011,100.0,0.06333333333333334,0.03
device_unsigned,1012,100.0,0.06,0.06
device_unsigned,1013,100.0,0.06333333333333334,0.06
device_unsigned,1014,100.0,0.07,0.07
device_unsigned,1015,100.0,0.03666666666666667,0.03
device_unsigned,1016,100.0,0.1,0.15
device_unsigned,1017,100.0,0.06,0.06
device_unsigned,1018,100.0,0.04,0.03
device_unsigned,1019,100.0,0.08,0.06
device_no_negative,1000,0.0001,0.06,0.06
device_no_negative,1001,0.0001,0.043333333333333335,0.04
device_no_negative,1002,0.0001,0.06,0.08
device_no_negative,1003,0.0001,0.04666666666666667,0.05
device_no_negative,1004,0.0001,0.11333333333333333,0.11
device_no_negative,1005,0.0001,0.07666666666666666,0.08
device_no_negative,1006,0.0001,0.043333333333333335,0.06
device_no_negative,1007,0.0001,0.06333333333333334,0.08
device_no_negative,1008,0.0001,0.09,0.09
device_no_negative,1009,0.0001,0.03666666666666667,0.02
device_no_negative,1010,0.0001,0.05333333333333334,0.07
device_no_negative,1011,0.0001,0.06333333333333334,0.05
device_no_negative,1012,0.0001,0.07333333333333333,0.08
device_no_negative,1013,0.0001,0.07666666666666666,0.06
device_no_negative,1014,0.0001,0.08,0.04
device_no_negative,1015,0.0001,0.04666666666666667,0.03
device_no_negative,1016,0.0001,0.07333333333333333,0.07
device_no_negative,1017,0.0001,0.05333333333333334,0.03
device_no_negative,1018,0.0001,0.03,0.01
device_no_negative,1019,0.0001,0.07333333333333333,0.09
device_no_negative,1000,0.001,0.08,0.07
device_no_negative,1001,0.001,0.06333333333333334,0.03
device_no_negative,1002,0.001,0.06333333333333334,0.1
device_no_negative,1003,0.001,0.03666666666666667,0.05
device_no_negative,1004,0.001,0.08333333333333333,0.05
device_no_negative,1005,0.001,0.06,0.07
device_no_negative,1006,0.001,0.07,0.08
device_no_negative,1007,0.001,0.06333333333333334,0.07
device_no_negative,1008,0.001,0.06,0.08
device_no_negative,1009,0.001,0.09,0.07
device_no_negative,1010,0.001,0.07333333333333333,0.05
device_no_negative,1011,0.001,0.05333333333333334,0.05
device_no_negative,1012,0.001,0.07,0.04
device_no_negative,1013,0.001,0.06666666666666667,0.07
device_no_negative,1014,0.001,0.09333333333333334,0.07
device_no_negative,1015,0.001,0.04666666666666667,0.06
device_no_negative,1016,0.001,0.07,0.05
device_no_negative,1017,0.001,0.056666666666666664,0.05
device_no_negative,1018,0.001,0.06666666666666667,0.03
device_no_negative,1019,0.001,0.06,0.04
device_no_negative,1000,0.01,0.06666666666666667,0.1
device_no_negative,1001,0.01,0.09,0.09
device_no_negative,1002,0.01,0.07333333333333333,0.1
device_no_negative,1003,0.01,0.08666666666666667,0.1
device_no_negative,1004,0.01,0.09333333333333334,0.09
device_no_negative,1005,0.01,0.06,0.06
device_no_negative,1006,0.01,0.056666666666666664,0.08
device_no_negative,1007,0.01,0.07666666666666666,0.12
device_no_negative,1008,0.01,0.07666666666666666,0.05
device_no_negative,1009,0.01,0.08666666666666667,0.1
device_no_negative,1010,0.01,0.08,0.08
device_no_negative,1011,0.01,0.10666666666666667,0.11
device_no_negative,1012,0.01,0.09333333333333334,0.08
device_no_negative,1013,0.01,0.06666666666666667,0.08
device_no_negative,1014,0.01,0.09,0.12
device_no_negative,1015,0.01,0.056666666666666664,0.06
device_no_negative,1016,0.01,0.09666666666666666,0.15
device_no_negative,1017,0.01,0.08,0.11
device_no_negative,1018,0.01,0.04666666666666667,0.07
device_no_negative,1019,0.01,0.06333333333333334,0.08
device_no_negative,1000,0.03,0.12,0.11
device_no_negative,1001,0.03,0.12666666666666668,0.17
device_no_negative,1002,0.03,0.11666666666666667,0.12
device_no_negative,1003,0.03,0.12,0.13
device_no_negative,1004,0.03,0.12,0.15
device_no_negative,1005,0.03,0.11333333333333333,0.08
device_no_negative,1006,0.03,0.12,0.09
device_no_negative,1007,0.03,0.08333333333333333,0.1
device_no_negative,1008,0.03,0.13333333333333333,0.17
device_no_negative,1009,0.03,0.16,0.19
device_no_negative,1010,0.03,0.21,0.3
device_no_negative,1011,0.03,0.19666666666666666,0.34
device_no_negative,1012,0.03,0.07333333333333333,0.14
device_no_negative,1013,0.03,0.22666666666666666,0.28
device_no_negative,1014,0.03,0.10333333333333333,0.12
device_no_negative,1015,0.03,0.09,0.14
device_no_negative,1016,0.03,0.12666666666666668,0.14
device_no_negative,1017,0.03,0.16666666666666666,0.28
device_no_negative,1018,0.03,0.14666666666666667,0.2
device_no_negative,1019,0.03,0.14333333333333334,0.16
device_no_negative,1000,0.1,0.1,0.07
device_no_negative,1001,0.1,0.07666666666666666,0.05
device_no_negative,1002,0.1,0.11666666666666667,0.11
device_no_negative,1003,0.1,0.12666666666666668,0.14
device_no_negative,1004,0.1,0.06,0.09
device_no_negative,1005,0.1,0.11,0.16
device_no_negative,1006,0.1,0.08333333333333333,0.06
device_no_negative,1007,0.1,0.10333333333333333,0.07
device_no_negative,1008,0.1,0.13666666666666666,0.25
device_no_negative,1009,0.1,0.13666666666666666,0.08
device_no_negative,1010,0.1,0.07666666666666666,0.09
device_no_negative,1011,0.1,0.08666666666666667,0.1
device_no_negative,1012,0.1,0.15,0.12
device_no_negative,1013,0.1,0.08333333333333333,0.05
device_no_negative,1014,0.1,0.09333333333333334,0.08
device_no_negative,1015,0.1,0.07,0.07
device_no_negative,1016,0.1,0.10333333333333333,0.09
device_no_negative,1017,0.1,0.12333333333333334,0.1
device_no_negative,1018,0.1,0.14666666666666667,0.22
device_no_negative,1019,0.1,0.15666666666666668,0.16
device_no_negative,1000,0.3,0.10333333333333333,0.17
device_no_negative,1001,0.3,0.08333333333333333,0.11
device_no_negative,1002,0.3,0.056666666666666664,0.03
device_no_negative,1003,0.3,0.06,0.04
device_no_negative,1004,0.3,0.08,0.03
device_no_negative,1005,0.3,0.07666666666666666,0.08
device_no_negative,1006,0.3,0.18333333333333332,0.2
device_no_negative,1007,0.3,0.06,0.07
device_no_negative,1008,0.3,0.05,0.05
device_no_negative,1009,0.3,0.12,0.12
device_no_negative,1010,0.3,0.056666666666666664,0.05
device_no_negative,1011,0.3,0.13,0.16
device_no_negative,1012,0.3,0.06,0.07
device_no_negative,1013,0.3,0.05333333333333334,0.02
device_no_negative,1014,0.3,0.043333333333333335,0.06
device_no_negative,1015,0.3,0.056666666666666664,0.08
device_no_negative,1016,0.3,0.08,0.06
device_no_negative,1017,0.3,0.06666666666666667,0.07
device_no_negative,1018,0.3,0.06333333333333334,0.06
device_no_negative,1019,0.3,0.07,0.08
device_no_negative,1000,1.0,0.06,0.06
device_no_negative,1001,1.0,0.08333333333333333,0.12
device_no_negative,1002,1.0,0.056666666666666664,0.07
device_no_negative,1003,1.0,0.05333333333333334,0.05
device_no_negative,1004,1.0,0.07333333333333333,0.06
device_no_negative,1005,1.0,0.05333333333333334,0.03
device_no_negative,1006,1.0,0.07,0.07
device_no_negative,1007,1.0,0.08,0.08
device_no_negative,1008,1.0,0.09666666666666666,0.11
device_no_negative,1009,1.0,0.07333333333333333,0.07
device_no_negative,1010,1.0,0.06,0.03
device_no_negative,1011,1.0,0.05,0.05
device_no_negative,1012,1.0,0.04666666666666667,0.05
device_no_negative,1013,1.0,0.10666666666666667,0.11
device_no_negative,1014,1.0,0.07,0.1
device_no_negative,1015,1.0,0.06333333333333334,0.06
device_no_negative,1016,1.0,0.09,0.06
device_no_negative,1017,1.0,0.08333333333333333,0.06
device_no_negative,1018,1.0,0.04,0.03
device_no_negative,1019,1.0,0.06333333333333334,0.07
device_no_negative,1000,3.0,0.07666666666666666,0.03
device_no_negative,1001,3.0,0.06,0.03
device_no_negative,1002,3.0,0.06333333333333334,0.07
device_no_negative,1003,3.0,0.05333333333333334,0.05
device_no_negative,1004,3.0,0.07333333333333333,0.06
device_no_negative,1005,3.0,0.05333333333333334,0.03
device_no_negative,1006,3.0,0.07,0.06
device_no_negative,1007,3.0,0.08,0.08
device_no_negative,1008,3.0,0.08666666666666667,0.12
device_no_negative,1009,3.0,0.07333333333333333,0.07
device_no_negative,1010,3.0,0.07,0.05
device_no_negative,1011,3.0,0.05,0.05
device_no_negative,1012,3.0,0.04666666666666667,0.05
device_no_negative,1013,3.0,0.06333333333333334,0.05
device_no_negative,1014,3.0,0.06666666666666667,0.09
device_no_negative,1015,3.0,0.06,0.1
device_no_negative,1016,3.0,0.06,0.03
device_no_negative,1017,3.0,0.08333333333333333,0.07
device_no_negative,1018,3.0,0.04,0.03
device_no_negative,1019,3.0,0.06333333333333334,0.07
device_no_negative,1000,10.0,0.07666666666666666,0.03
device_no_negative,1001,10.0,0.06,0.03
device_no_negative,1002,10.0,0.06333333333333334,0.07
device_no_negative,1003,10.0,0.05333333333333334,0.05
device_no_negative,1004,10.0,0.07333333333333333,0.06
device_no_negative,1005,10.0,0.05333333333333334,0.03
device_no_negative,1006,10.0,0.07,0.06
device_no_negative,1007,10.0,0.08,0.08
device_no_negative,1008,10.0,0.08666666666666667,0.12
device_no_negative,1009,10.0,0.07333333333333333,0.07
device_no_negative,1010,10.0,0.07,0.05
device_no_negative,1011,10.0,0.05,0.05
device_no_negative,1012,10.0,0.04666666666666667,0.05
device_no_negative,1013,10.0,0.06333333333333334,0.05
device_no_negative,1014,10.0,0.06666666666666667,0.09
device_no_negative,1015,10.0,0.06,0.1
device_no_negative,1016,10.0,0.06,0.03
device_no_negative,1017,10.0,0.08333333333333333,0.07
device_no_negative,1018,10.0,0.04,0.03
device_no_negative,1019,10.0,0.06333333333333334,0.07
device_no_negative,1000,100.0,0.07666666666666666,0.03
device_no_negative,1001,100.0,0.06,0.03
device_no_negative,1002,100.0,0.06333333333333334,0.07
device_no_negative,1003,100.0,0.05333333333333334,0.05
device_no_negative,1004,100.0,0.07333333333333333,0.06
device_no_negative,1005,100.0,0.05333333333333334,0.03
device_no_negative,1006,100.0,0.07,0.06
device_no_negative,1007,100.0,0.08,0.08
device_no_negative,1008,100.0,0.08666666666666667,0.12
device_no_negative,1009,100.0,0.07333333333333333,0.07
device_no_negative,1010,100.0,0.07,0.05
device_no_negative,1011,100.0,0.05,0.05
device_no_negative,1012,100.0,0.04666666666666667,0.05
device_no_negative,1013,100.0,0.06333333333333334,0.05
device_no_negative,1014,100.0,0.06666666666666667,0.09
device_no_negative,1015,100.0,0.06,0.1
device_no_negative,1016,100.0,0.06,0.03
device_no_negative,1017,100.0,0.08333333333333333,0.07
device_no_negative,1018,100.0,0.04,0.03
device_no_negative,1019,100.0,0.06333333333333334,0.07
